,id,Stagione,Nome,Et√†,Presenze,Ruolo Anno Successivo,Quotazione Iniziale Anno Successivo,Quotazione Iniziale Mantra Anno Successivo,Voto Media,Voto Media Storica,Fantavoto Media,Fantavoto Media Storica,Fantavoto Media Reale Anno Successivo,Fantavoto Media Predetta Anno Successivo,Differenza Predetta Fantavoto Media Anno Successivo,Differenza Reale Fantavoto Media Anno Successivo,Errore Predizione
24,4,2021.0,Sportiello,29.0,5,P,1.0,1.0,6.3,6.114583333333333,5.7,5.128472222222222,4.866666666666666,5.48791762387752,-0.21208237612248038,-0.8333333333333339,0.6212509572108535
231,41,2021.0,Mirante,38.0,0,P,1.0,1.0,6.15625,6.280172413793103,,5.396551724137931,7.0,5.107965972840973,,,-1.8920340271590268
240,42,2021.0,Sarr M.,24.0,0,P,1.0,1.0,6.15625,6.191489361702128,,5.176470588235294,5.25,4.185582881425367,,,-1.0644171185746334
789,133,2021.0,Skorupski,30.0,36,P,11.0,11.0,6.236111111111111,6.162621359223301,5.125,4.929611650485437,5.162162162162162,5.043166014317953,-0.0818339856820467,0.03716216216216228,-0.11899614784420898
969,159,2021.0,Sepe,30.0,16,P,8.0,8.0,6.21875,6.129032258064516,4.71875,4.637096774193548,5.323529411764706,5.1875886477441915,0.4688386477441915,0.6047794117647056,-0.13594076402051414
978,160,2021.0,Tatarusanu,35.0,6,P,1.0,1.0,6.0,6.037974683544304,5.0,5.113924050632911,4.875,5.409146072318063,0.4091460723180633,-0.125,0.5341460723180633
1356,218,2021.0,Perin,28.0,5,P,1.0,1.0,6.1,6.2172413793103445,4.9,5.241379310344827,6.590909090909091,5.37967404935783,0.47967404935783,1.6909090909090905,-1.2112350415512605
1374,220,2021.0,Ujkani,33.0,0,P,1.0,1.0,6.15625,6.25,,4.25,4.5,4.747539718451482,,,0.24753971845148204
1563,250,2021.0,Handanovic,37.0,37,P,16.0,16.0,6.162162162162162,6.209302325581396,5.743243243243243,5.684108527131783,5.178571428571429,5.525160233779994,-0.21808300946324888,-0.5646718146718142,0.3465888052085653
2040,318,2021.0,Marchetti,38.0,0,P,1.0,1.0,6.15625,6.157407407407407,,5.148148148148148,3.5,4.195868149824033,,,0.6958681498240331
2984,453,2021.0,Szczesny,31.0,33,P,16.0,16.0,6.121212121212121,6.184210526315789,5.848484848484849,5.72488038277512,5.714285714285714,5.579996630408728,-0.26848821807612033,-0.1341991341991342,-0.13428908387698613
3389,509,2021.0,Consigli,34.0,37,P,11.0,11.0,6.27027027027027,6.253968253968254,4.702702702702703,5.051587301587301,4.728571428571429,4.751879443514883,0.0491767408121806,0.025868725868726017,0.02330801494345458
3398,510,2021.0,Pegolo,40.0,1,P,1.0,1.0,6.0,6.2,3.0,5.133333333333334,4.75,5.0180866692969035,2.0180866692969035,1.75,0.2680866692969035
3407,511,2021.0,Perilli,26.0,0,P,1.0,1.0,6.15625,6.191489361702128,,5.176470588235294,7.5,4.815632207519862,,,-2.6843677924801383
3848,572,2021.0,Meret,24.0,7,P,14.0,14.0,5.857142857142857,6.205128205128205,5.428571428571429,5.410256410256411,6.029411764705882,5.147638188103538,-0.28093324046789103,0.6008403361344534,-0.8817735766023445
4091,610,2021.0,Gollini,26.0,0,P,12.0,12.0,6.15625,6.160869565217391,,5.243478260869566,5.785714285714286,4.727879875379875,,,-1.0578344103344106
4550,673,2021.0,Perisan,23.0,0,P,1.0,1.0,6.15625,6.191489361702128,,5.176470588235294,5.214285714285714,3.8493820289652745,,,-1.36490368532044
4865,761,2021.0,Audero,24.0,29,P,10.0,10.0,6.120689655172414,6.14748201438849,4.741379310344827,4.892086330935252,5.04,5.171544630863284,0.4301653205184568,0.29862068965517263,0.13154463086328416
5117,799,2021.0,Bardi,29.0,2,P,1.0,1.0,6.25,6.285714285714286,5.75,5.642857142857143,7.0,5.078814188948031,-0.6711858110519691,1.25,-1.921185811051969
5540,1889,2021.0,Cordaz,38.0,0,P,1.0,1.0,6.15625,6.25,,4.4818181818181815,8.0,4.379387226512225,,,-3.6206127734877747
5657,1917,2021.0,Dragowski,23.0,7,P,7.0,7.0,6.142857142857143,6.221052631578948,5.714285714285714,5.131578947368421,4.985294117647059,5.1906184623800815,-0.5236672519056329,-0.7289915966386555,0.20532434473302263
5837,1947,2021.0,Fiorillo,31.0,1,P,1.0,1.0,6.0,6.0,1.0,4.1,4.0,4.454232038839996,3.4542320388399963,3.0,0.4542320388399963
6899,2134,2021.0,Falcone,26.0,10,P,5.0,5.0,6.45,6.375,5.25,4.916666666666667,5.25,5.201059792597887,-0.048940207402113245,0.0,-0.048940207402113245
7077,2170,2021.0,Milinkovic-Savic V.,24.0,27,P,1.0,1.0,6.018518518518518,5.9714285714285715,5.0,4.9,5.184210526315789,4.971346770768217,-0.02865322923178315,0.18421052631578938,-0.21286375554757253
7131,2178,2021.0,Cragno,27.0,35,P,11.0,11.0,6.242857142857143,6.338815789473684,4.628571428571429,5.055921052631579,2.0,4.486576922248947,-0.14199450632248212,-2.628571428571429,2.486576922248947
7140,2179,2021.0,Sirigu,34.0,37,P,1.0,1.0,6.202702702702703,6.27808988764045,4.905405405405405,5.151685393258427,7.5,5.362465961601096,0.45706055619569064,2.5945945945945947,-2.137534038398904
7365,2211,2021.0,Silvestri,30.0,35,P,10.0,10.0,6.171428571428572,6.19811320754717,4.928571428571429,5.037735849056604,5.2368421052631575,5.0326117581441485,0.10404032957271969,0.3082706766917287,-0.204230347119009
7671,2294,2021.0,Cerofolini,22.0,0,P,1.0,1.0,6.15625,6.191489361702128,,5.176470588235294,5.9,4.3824810135062435,,,-1.5175189864937568
7698,2297,2021.0,Rossi F.,30.0,1,P,1.0,1.0,6.0,5.875,5.0,5.375,7.0,5.310427772418291,0.3104277724182909,2.0,-1.689572227581709
9084,2792,2021.0,Musso,27.0,33,P,13.0,13.0,6.106060606060606,6.192592592592592,5.03030303030303,5.1,5.229166666666667,5.2771238024052955,0.24682077210226527,0.1988636363636367,0.04795713573862859
9192,2814,2021.0,Provedel,27.0,31,P,7.0,7.0,6.258064516129032,6.092105263157895,4.709677419354839,4.348684210526316,6.0131578947368425,5.0319190394352535,0.32224162008041457,1.3034804753820035,-0.9812388553015889
9201,2815,2021.0,Terracciano,31.0,32,P,1.0,1.0,5.96875,6.113207547169812,5.0,5.30188679245283,4.948275862068965,5.0396623745489135,0.039662374548913526,-0.0517241379310347,0.09138651247994822
9759,4270,2021.0,Rui Patricio,33.0,38,P,14.0,14.0,6.171052631578948,6.171052631578948,5.4868421052631575,5.4868421052631575,5.442857142857143,5.251583163353574,-0.23525894190958319,-0.04398496240601446,-0.19127397950356873
9813,4312,2021.0,Maignan,26.0,32,P,18.0,18.0,6.265625,6.265625,6.15625,6.15625,5.704545454545454,5.439194792406388,-0.7170552075936119,-0.45170454545454586,-0.265350662139066
10488,4431,2021.0,Carnesecchi,21.0,0,P,1.0,1.0,6.15625,6.191489361702128,,5.176470588235294,4.777777777777778,4.863023806583318,,,0.08524602880553989
10956,4518,2021.0,Russo A.,27.0,0,P,1.0,1.0,6.15625,6.191489361702128,,5.176470588235294,2.0,7.11472619047619,,,5.11472619047619
11613,4957,2021.0,Montipo',25.0,34,P,11.0,11.0,6.088235294117647,6.035211267605634,4.8088235294117645,4.471830985915493,4.797297297297297,5.1723198479752455,0.36349631856348097,-0.011526232114467128,0.3750225506779481
11667,4964,2021.0,Vicario,24.0,38,P,9.0,9.0,6.421052631578948,6.428571428571429,4.907894736842105,4.940476190476191,5.419354838709677,4.477019437643732,-0.4308752991983731,0.5114601018675717,-0.9423354010659448
11730,4977,2021.0,Ravaglia,32.0,1,P,1.0,1.0,6.0,6.0,5.0,5.0,3.5555555555555554,5.151565409267295,0.15156540926729534,-1.4444444444444446,1.59600985371174
11919,5005,2021.0,Zoet,30.0,7,P,1.0,1.0,5.785714285714286,5.928571428571429,3.5,3.9642857142857144,5.7,4.999002414366343,1.499002414366343,2.2,-0.7009975856336572
13260,5528,2021.0,Zovko,19.0,1,P,1.0,1.0,6.0,6.0,7.0,7.0,3.5,5.401085977948744,-1.5989140220512557,-3.5,1.9010859779487443
13954,5830,2021.0,Onana,25.0,0,P,1.0,1.0,6.15625,6.191489361702128,,5.176470588235294,5.375,4.30862588530764,,,-1.0663741146923602
13972,5832,2021.0,Luis Maximiano,22.0,0,P,12.0,12.0,6.15625,6.191489361702128,,5.176470588235294,4.0,5.110056310785507,,,1.1100563107855068
14053,5841,2021.0,Svilar,21.0,0,P,1.0,1.0,6.15625,6.191489361702128,,5.176470588235294,5.166666666666667,4.48140243365104,,,-0.6852642330156273
14269,5876,2021.0,Di Gregorio,24.0,0,P,1.0,1.0,6.15625,6.191489361702128,,5.176470588235294,5.256756756756757,4.9298738490209635,,,-0.32688290773579354
14800,6120,2021.0,Ochoa,36.0,0,P,2.0,2.0,6.15625,6.191489361702128,,5.176470588235294,5.15,5.0777566327958175,,,-0.0722433672041829
14827,6135,2021.0,Turk,17.0,0,P,1.0,1.0,6.15625,6.191489361702128,,5.176470588235294,4.125,5.506106626324892,,,1.3811066263248923
60,11,2021.0,Conti,27.0,8,D,3.0,3.0,6.0,5.933962264150943,6.3125,6.188679245283019,6.0,5.979973996613462,-0.3325260033865378,-0.3125,-0.020026003386537816
258,45,2021.0,Ferrari A.,27.0,23,D,5.0,5.0,5.717391304347826,5.69,5.760869565217392,5.63,5.607142857142857,5.828060868219202,0.06719130300181053,-0.1537267080745348,0.22091801107634534
285,49,2021.0,Masina,27.0,0,D,6.0,7.0,5.888888888888889,5.792929292929293,,5.782828282828283,6.285714285714286,5.844608774157116,,,-0.44110551155716937
312,52,2021.0,Oikonomou,28.0,0,D,2.0,2.0,5.888888888888889,5.690476190476191,,5.595238095238095,5.583333333333333,5.864336625998888,,,0.281003292665555
456,76,2021.0,Romagnoli S.,31.0,19,D,3.0,3.0,5.894736842105263,5.894736842105263,6.026315789473684,5.885964912280702,5.785714285714286,5.843018539978345,-0.18329724949533865,-0.24060150375939848,0.05730425426405983
501,84,2021.0,Marrone,31.0,0,D,4.0,4.0,5.888888888888889,5.571428571428571,,5.488095238095237,5.75,5.835254749970378,,,0.08525474997037819
834,139,2021.0,Dermaku,29.0,0,D,4.0,4.0,5.888888888888889,6.027777777777778,,5.972222222222222,5.5,5.842193655892476,,,0.3421936558924763
843,140,2021.0,Hysaj,27.0,29,D,6.0,6.0,5.655172413793103,5.867149758454106,5.706896551724138,5.855072463768116,6.044117647058823,5.911544226804205,0.20464767508006698,0.3372210953346855,-0.1325734202546185
861,142,2021.0,Mario Rui,30.0,34,D,9.0,9.0,6.029411764705882,5.93859649122807,6.073529411764706,5.941520467836257,6.25,6.082820298153672,0.00929088638896669,0.17647058823529438,-0.1671797018463277
870,144,2021.0,Tonelli,31.0,14,D,1.0,1.0,5.535714285714286,5.826530612244898,5.25,5.811224489795919,5.5,5.859009631708325,0.6090096317083251,0.25,0.3590096317083251
1401,226,2021.0,Izzo,29.0,11,D,3.0,3.0,5.863636363636363,5.964285714285714,5.681818181818182,5.983516483516484,5.966666666666667,5.8424511770517205,0.1606329952335388,0.28484848484848513,-0.12421548961494633
1509,244,2021.0,Ghiglione,24.0,13,D,5.0,5.0,5.6923076923076925,5.857142857142857,5.653846153846154,5.935714285714286,6.0,5.912265495918336,0.2584193420721821,0.3461538461538458,-0.08773450408166372
1581,252,2021.0,Biraghi,28.0,37,D,13.0,13.0,5.95945945945946,5.8316831683168315,6.108108108108108,5.96039603960396,6.181818181818182,6.199399034609686,0.09129092650157844,0.07371007371007376,0.017580852791504675
1590,253,2021.0,D'Ambrosio,32.0,20,D,8.0,9.0,6.175,5.971751412429379,6.325,6.228813559322034,5.966666666666667,5.976042954943177,-0.34895704505682357,-0.3583333333333334,0.009376288276509825
1599,254,2021.0,Dimarco,23.0,32,D,8.0,9.0,6.09375,6.083333333333333,6.265625,6.277777777777778,6.696969696969697,6.221331485008226,-0.04429351499177425,0.43134469696969724,-0.4756382119614715
1617,256,2021.0,Juan Jesus,30.0,21,D,7.0,7.0,6.023809523809524,5.8108108108108105,6.0476190476190474,5.7342342342342345,6.2,5.88126041519228,-0.16635863242676763,0.15238095238095273,-0.31873958480772036
1635,259,2021.0,Murillo,29.0,0,D,3.0,3.0,5.888888888888889,5.725352112676056,,5.669014084507042,5.375,5.853038827476748,,,0.4780388274767482
1716,272,2021.0,Medel,33.0,33,D,7.0,7.0,5.833333333333333,5.8983739837398375,5.712121212121212,5.7926829268292686,5.896551724137931,5.88499969962249,0.17287848750127832,0.18443051201671867,-0.011552024515440351
1833,286,2021.0,Bonucci,34.0,24,D,15.0,15.0,6.145833333333333,6.070093457943925,6.75,6.2827102803738315,6.0,6.199775231913405,-0.5502247680865953,-0.75,0.19977523191340474
1887,294,2021.0,Rugani,27.0,12,D,5.0,5.0,5.958333333333333,6.0327102803738315,5.875,6.163551401869159,6.0,5.87503159542216,3.15954221603576e-05,0.125,-0.12496840457783964
2067,322,2021.0,De Vrij,29.0,30,D,10.0,10.0,5.816666666666666,6.150793650793651,5.7,6.341269841269841,5.981481481481482,6.034379279556053,0.3343792795560532,0.28148148148148167,0.05289779807457151
2112,327,2021.0,Patric,28.0,24,D,5.0,5.0,5.791666666666667,5.790322580645161,5.75,5.717741935483871,6.083333333333333,5.882644834837832,0.13264483483783174,0.33333333333333304,-0.2006884984955013
2121,329,2021.0,Radu,34.0,10,D,2.0,2.0,5.65,5.804093567251462,5.55,5.780701754385965,6.0,5.866223839144532,0.31622383914453245,0.4500000000000002,-0.13377616085546773
2310,357,2021.0,Calabria,24.0,26,D,13.0,13.0,6.153846153846154,6.006756756756757,6.423076923076923,6.097972972972973,6.08,6.16658020293838,-0.25649672013854374,-0.3430769230769233,0.08658020293837954
2319,358,2021.0,De Sciglio,28.0,20,D,6.0,7.0,6.05,5.887387387387387,6.2,5.900900900900901,5.764705882352941,5.996336386491727,-0.20366361350827322,-0.43529411764705905,0.23163050413878583
2571,393,2021.0,Luperto,24.0,24,D,5.0,6.0,5.770833333333333,5.639705882352941,5.645833333333333,5.544117647058823,6.013888888888889,5.846378289286092,0.20054495595275856,0.36805555555555625,-0.16751059960279768
3038,460,2021.0,Romagnoli,26.0,19,D,11.0,11.0,6.0,6.048223350253807,6.0,6.0456852791878175,6.294117647058823,5.987002879177652,-0.012997120822348052,0.2941176470588234,-0.3071147678811714
3065,464,2021.0,Florenzi,30.0,24,D,7.0,7.0,6.104166666666667,6.067375886524823,6.3125,6.343971631205674,5.833333333333333,6.071977990447192,-0.24052200955280778,-0.47916666666666696,0.23864465711385918
3236,487,2021.0,De Silvestri,33.0,31,D,9.0,9.0,5.935483870967742,5.915343915343915,6.17741935483871,6.134920634920635,5.966666666666667,5.990927791918398,-0.18649156292031233,-0.21075268817204318,0.024261125251730853
3425,513,2021.0,Acerbi,33.0,30,D,8.0,8.0,5.95,6.123481781376518,6.3,6.27327935222672,5.967741935483871,6.024236173438323,-0.2757638265616764,-0.3322580645161288,0.05649423795445241
3740,554,2021.0,Zappacosta,29.0,34,D,11.0,10.0,6.073529411764706,6.032258064516129,6.220588235294118,6.254032258064516,6.642857142857143,6.241899534200374,0.02131129890625605,0.4222689075630255,-0.40095760865676944
3911,581,2021.0,Faraoni,29.0,32,D,13.0,13.0,6.078125,6.007407407407407,6.484375,6.362962962962963,6.1521739130434785,6.273918987254058,-0.21045601274594183,-0.3322010869565215,0.12174507421057967
4109,612,2021.0,Bianchetti,28.0,0,D,4.0,4.0,5.888888888888889,5.7,,5.72,5.6,5.836697905384808,,,0.2366979053848084
4208,630,2021.0,Sala,29.0,18,D,5.0,6.0,5.861111111111111,5.688034188034188,5.944444444444445,5.619658119658119,5.833333333333333,5.846628552691064,-0.09781589175338024,-0.1111111111111116,0.01329521935773137
4289,640,2021.0,Chiriches,31.0,29,D,5.0,5.0,5.706896551724138,5.803191489361702,5.637931034482759,5.882978723404255,5.8125,5.8590734906602515,0.22114245617749262,0.1745689655172411,0.046573490660251515
4469,660,2021.0,Gyomber,29.0,31,D,4.0,4.0,5.725806451612903,5.638297872340425,5.580645161290323,5.48936170212766,5.944444444444445,5.850220969852929,0.2695758085626059,0.3637992831541217,-0.09422347459151581
4487,662,2021.0,Alex Sandro,30.0,28,D,8.0,8.0,5.767857142857143,6.063492063492063,5.678571428571429,6.232804232804233,5.56,6.0211093070832,0.342537878511771,-0.11857142857142922,0.4611093070832002
4568,695,2021.0,Toloi,30.0,20,D,8.0,8.0,6.0,6.0234375,6.05,6.046875,6.046875,5.9040047960187145,-0.1459952039812853,-0.0031249999999998224,-0.14287020398128547
4901,770,2021.0,Pezzella Giu.,23.0,21,D,6.0,6.0,5.976190476190476,5.756756756756757,6.0,5.743243243243243,5.75,5.983863534990868,-0.016136465009132017,-0.25,0.23386353499086798
5009,787,2021.0,Djimsiti,28.0,31,D,7.0,7.0,5.870967741935484,5.883870967741935,5.838709677419355,5.893548387096774,5.895833333333333,5.91664794317392,0.07793826575456464,0.057123655913978055,0.020814609840586584
5108,798,2021.0,Skriniar,26.0,35,D,17.0,16.0,6.214285714285714,6.116666666666666,6.428571428571429,6.164285714285715,5.571428571428571,6.1568389853507055,-0.2717324432207233,-0.8571428571428577,0.5854104139221343
5306,1847,2021.0,Caldara,27.0,31,D,6.0,6.0,5.870967741935484,6.042857142857143,5.82258064516129,6.242857142857143,5.3,5.900262110885273,0.07768146572398305,-0.5225806451612902,0.6002621108852733
5333,1852,2021.0,Spinazzola,28.0,3,D,12.0,13.0,6.166666666666667,6.120535714285714,6.0,6.254464285714286,6.25,6.1397516339070695,0.13975163390706946,0.25,-0.11024836609293054
5432,1868,2021.0,Murru,26.0,22,D,5.0,5.0,5.590909090909091,5.686206896551724,5.613636363636363,5.655172413793103,5.55,5.883214767109703,0.2695784034733393,-0.06363636363636349,0.33321476710970277
5558,1891,2021.0,Ceccherini,29.0,34,D,6.0,6.0,5.882352941176471,5.8689024390243905,5.794117647058823,5.786585365853658,5.909090909090909,5.8824309792148695,0.08831333215604609,0.1149732620320858,-0.026659929876039712
5576,1895,2021.0,Ferrari G.,29.0,36,D,8.0,8.0,5.75,5.897905759162303,5.75,5.973821989528796,5.848484848484849,5.9597834558343665,0.20978345583436653,0.09848484848484862,0.11129860734951791
6242,2016,2021.0,Fazio,34.0,16,D,6.0,6.0,5.6875,5.979020979020979,5.78125,6.153846153846154,5.821428571428571,5.9081411295815895,0.12689112958158955,0.040178571428571175,0.08671255815301837
6656,2104,2021.0,Bereszynski,29.0,35,D,6.0,6.0,5.685714285714286,5.696969696969697,5.6,5.633333333333334,5.722222222222222,5.916950636700915,0.3169506367009154,0.12222222222222268,0.1947284144786927
6791,2120,2021.0,Bastoni,22.0,31,D,15.0,15.0,6.209677419354839,6.079166666666667,6.306451612903226,6.125,6.137931034482759,6.116890108803512,-0.18956150409971428,-0.16852057842046708,-0.021040925679247202
6863,2130,2021.0,Hateboer,27.0,21,D,9.0,8.0,5.785714285714286,5.9865771812080535,5.738095238095238,6.117449664429531,5.911764705882353,6.058771647483814,0.3206764093885761,0.17366946778711512,0.147006941601461
6917,2141,2021.0,Depaoli,24.0,24,D,4.0,4.0,5.875,5.7819548872180455,5.958333333333333,5.714285714285714,6.044117647058823,5.97571532298024,0.01738198964690696,0.08578431372549034,-0.06840232407858338
6987,2160,2021.0,Gosens,27.0,13,D,19.0,18.0,6.115384615384615,6.22265625,6.3076923076923075,6.85546875,6.21875,6.340467127701706,0.03277482000939891,-0.08894230769230749,0.1217171277017064
7023,2164,2021.0,Milenkovic,23.0,34,D,11.0,12.0,5.867647058823529,5.935483870967742,5.8088235294117645,6.041935483870968,6.055555555555555,6.032703697151009,0.22388016773924413,0.24673202614379086,-0.022851858404546732
7068,2169,2021.0,Rodriguez R.,28.0,34,D,7.0,8.0,5.867647058823529,5.766129032258065,5.852941176470588,5.733870967741935,5.957142857142857,5.914347300020887,0.06140612355029873,0.10420168067226943,-0.042795557121970695
7104,2174,2021.0,Venuti,26.0,23,D,3.0,3.0,5.804347826086956,5.6479591836734695,5.630434782608695,5.540816326530612,5.676470588235294,5.902825429680101,0.2723906470714059,0.046035805626599036,0.2263548414448069
7149,2180,2021.0,Karsdorp,26.0,36,D,10.0,10.0,6.069444444444445,6.024390243902439,6.0,6.085365853658536,5.730769230769231,6.0732446791709105,0.07324467917091049,-0.26923076923076916,0.34247544840167965
7158,2181,2021.0,Palomino,31.0,34,D,10.0,10.0,6.132352941176471,6.032051282051282,6.088235294117647,6.0673076923076925,5.766666666666667,6.006134814066542,-0.08210048005110515,-0.32156862745098014,0.239468147399875
7176,2184,2021.0,Gravillon,23.0,0,D,5.0,5.0,5.888888888888889,5.75,,5.75,5.785714285714286,5.875165692265302,,,0.08945140655101635
7203,2188,2021.0,Marusic,28.0,33,D,7.0,8.0,5.651515151515151,5.852112676056338,5.651515151515151,6.017605633802817,5.924242424242424,5.938511022094217,0.28699587057906584,0.2727272727272725,0.014268597851793352
7230,2192,2021.0,Bonifazi,25.0,22,D,4.0,4.0,5.7272727272727275,5.818627450980392,5.545454545454546,5.857843137254902,5.653846153846154,5.847601521745284,0.3021469762907385,0.10839160839160833,0.19375536789913017
7473,2252,2021.0,Marchizza,23.0,19,D,2.0,2.0,5.631578947368421,5.755813953488372,5.473684210526316,5.686046511627907,6.0,5.918763727955915,0.4450795174295994,0.5263157894736841,-0.08123627204408468
7518,2263,2021.0,Lazzari,27.0,31,D,10.0,10.0,5.919354838709677,6.146341463414634,6.258064516129032,6.304878048780488,5.785714285714286,6.240349159704522,-0.017715356424510276,-0.47235023041474644,0.45463487399023617
7581,2279,2021.0,Romagna,24.0,0,D,1.0,1.0,5.888888888888889,5.923728813559322,,5.88135593220339,5.75,5.81996562518629,,,0.06996562518629013
7590,2280,2021.0,Nuytinck,31.0,27,D,7.0,7.0,6.0,6.035433070866142,6.111111111111111,6.070866141732283,5.7,5.876215768625445,-0.23489534248566546,-0.41111111111111054,0.17621576862544508
7689,2296,2021.0,Mancini,25.0,33,D,10.0,10.0,5.878787878787879,6.046762589928058,5.636363636363637,6.115107913669065,6.1571428571428575,6.036617437537607,0.40025380117397,0.5207792207792208,-0.12052541960525076
7833,2318,2021.0,Rogerio,23.0,23,D,5.0,5.0,5.826086956521739,5.803571428571429,5.760869565217392,5.75,5.763888888888889,5.939033858680231,0.17816429346283957,0.003019323671497709,0.17514496979134186
7986,2355,2021.0,Marlon,25.0,0,D,7.0,7.0,5.888888888888889,5.769230769230769,,5.676923076923077,5.535714285714286,5.850112030463446,,,0.3143977447491606
8121,2446,2021.0,Donati,31.0,0,D,4.0,4.0,5.888888888888889,5.925,,5.875,5.9375,5.840949744261577,,,-0.09655025573842302
8202,2525,2021.0,Darmian,31.0,25,D,9.0,8.0,6.12,6.057471264367816,6.32,6.235632183908046,6.161290322580645,6.04451225756528,-0.27548774243471996,-0.15870967741935527,-0.1167780650153647
8292,2583,2021.0,Umtiti,27.0,0,D,7.0,7.0,5.888888888888889,5.876923076923077,,5.9,5.82,5.923317036316874,,,0.10331703631687361
8364,2633,2021.0,Kjaer,32.0,11,D,5.0,5.0,6.181818181818182,6.161016949152542,5.909090909090909,6.067796610169491,5.852941176470588,5.88959442713357,-0.019496481957339107,-0.0561497326203213,0.036653250662982195
8481,2653,2021.0,Lykogiannis,27.0,28,D,4.0,4.0,5.732142857142857,5.767326732673268,5.803571428571429,5.881188118811881,6.190476190476191,5.9576250447567185,0.15405361618528968,0.38690476190476186,-0.23285114571947219
8670,2724,2021.0,Buongiorno,22.0,23,D,4.0,5.0,5.891304347826087,5.814285714285714,5.826086956521739,5.714285714285714,6.147058823529412,5.87585899893893,0.049772042417190576,0.3209718670076729,-0.2711998245904823
8688,2728,2021.0,Pellegrini Lu.,22.0,18,D,7.0,7.0,6.083333333333333,5.949275362318841,5.972222222222222,5.8768115942028984,5.857142857142857,5.896481723453174,-0.07574049876904798,-0.11507936507936556,0.03933886631031758
8724,2739,2021.0,Reca,26.0,24,D,5.0,5.0,5.6875,5.774390243902439,5.708333333333333,5.847560975609756,6.033333333333333,5.890333442777745,0.18200010944441214,0.3250000000000002,-0.14299989055558804
8850,2758,2021.0,Gunter,26.0,30,D,5.0,5.0,5.8,5.839805825242719,5.566666666666666,5.733009708737864,5.695652173913044,5.857737058467131,0.29107039180046446,0.12898550724637747,0.16208488455408698
8913,2769,2021.0,Magnani,25.0,18,D,3.0,3.0,5.833333333333333,5.986111111111111,5.694444444444445,5.888888888888889,5.583333333333333,5.832056084126243,0.1376116396817988,-0.1111111111111116,0.2487227507929104
9057,2788,2021.0,Bremer,24.0,33,D,18.0,18.0,6.393939393939394,6.091836734693878,6.590909090909091,6.357142857142857,6.35,6.187303445664032,-0.40360564524505893,-0.24090909090909118,-0.16269655433596775
9210,2816,2021.0,Di Lorenzo,27.0,33,D,15.0,15.0,6.196969696969697,6.017985611510792,6.363636363636363,6.273381294964029,6.581081081081081,6.236882042497485,-0.1267543211388782,0.21744471744471738,-0.3441990385835956
9354,2847,2021.0,Sernicola,24.0,0,D,3.0,4.0,5.888888888888889,6.0,,6.0,5.953125,5.845592548746493,,,-0.10753245125350741
9489,2865,2021.0,Aina,24.0,21,D,5.0,5.0,5.928571428571429,5.843373493975903,5.833333333333333,5.819277108433735,6.078947368421052,5.942705353003949,0.10937201967061583,0.24561403508771917,-0.13624201541710335
9498,2869,2021.0,Djidji,28.0,25,D,5.0,6.0,5.88,5.746835443037975,5.76,5.677215189873418,5.823529411764706,5.856772133975315,0.09677213397531492,0.06352941176470583,0.03324272221060909
9507,2870,2021.0,Troost-Ekong,27.0,0,D,5.0,5.0,5.888888888888889,5.7846153846153845,,5.7153846153846155,6.222222222222222,5.839630141672254,,,-0.3825920805499683
9696,4237,2021.0,Danilo,30.0,22,D,12.0,14.0,6.136363636363637,6.102564102564102,6.2272727272727275,6.230769230769231,6.45945945945946,6.078834730510977,-0.14843799676175085,0.23218673218673214,-0.380624728948483
9714,4245,2021.0,Smalling,31.0,27,D,14.0,14.0,6.166666666666667,6.068493150684931,6.425925925925926,6.280821917808219,6.515625,6.085048402172974,-0.340877523752952,0.0896990740740744,-0.4305765978270264
9786,4292,2021.0,Hernandez T.,23.0,32,D,20.0,22.0,6.296875,6.280612244897959,6.6875,6.760204081632653,6.40625,6.455217764413838,-0.2322822355861618,-0.28125,0.04896776441383821
9840,4323,2021.0,Zeegelaar,30.0,14,D,2.0,2.0,5.642857142857143,5.690476190476191,5.571428571428571,5.626984126984127,6.0,5.861835467075157,0.29040689564658617,0.4285714285714288,-0.13816453292484265
9885,4329,2021.0,Nikolaou,22.0,36,D,4.0,4.0,5.638888888888889,5.675,5.486111111111111,5.5375,5.652777777777778,5.892414843935254,0.406303732824143,0.16666666666666696,0.23963706615747604
9903,4331,2021.0,Ibanez,22.0,34,D,9.0,9.0,5.852941176470588,5.851351351351352,5.985294117647059,5.837837837837838,5.833333333333333,5.9873903849966625,0.0020962673496036643,-0.15196078431372584,0.1540570516633295
9912,4332,2021.0,Demiral,23.0,28,D,13.0,13.0,6.071428571428571,6.134920634920635,6.107142857142857,6.285714285714286,5.982142857142857,6.080914734673907,-0.026228122468949344,-0.125,0.09877187753105066
10128,4374,2021.0,Walukiewicz,21.0,7,D,4.0,4.0,5.714285714285714,5.5875,5.642857142857143,5.575,5.909090909090909,5.821503860507024,0.1786467176498805,0.26623376623376593,-0.08758704858388544
10137,4375,2021.0,Terzic,21.0,14,D,2.0,2.0,6.0,6.0,6.035714285714286,6.03125,6.159090909090909,5.956408569163857,-0.0793057165504285,0.12337662337662358,-0.2026823399270521
10164,4378,2021.0,Ranieri L.,22.0,27,D,1.0,1.0,5.703703703703703,5.683333333333334,5.648148148148148,5.6,6.166666666666667,5.899918645445057,0.25177049729690903,0.518518518518519,-0.26674802122161
10191,4385,2021.0,Lazaro,25.0,0,D,7.0,6.0,5.888888888888889,5.833333333333333,,5.833333333333333,6.043478260869565,5.919920352132276,,,-0.12355790873728978
10272,4401,2021.0,Gabbia,21.0,8,D,1.0,1.0,5.625,5.82,5.4375,5.7,5.541666666666667,5.880710909999867,0.4432109099998671,0.10416666666666696,0.33904424333320016
10317,4407,2021.0,Igor,23.0,30,D,9.0,10.0,5.816666666666666,5.766233766233766,5.766666666666667,5.6688311688311686,5.555555555555555,5.940327792193743,0.1736611255270768,-0.21111111111111125,0.38477223663818805
10335,4409,2021.0,Rrahmani,27.0,33,D,14.0,14.0,6.2727272727272725,6.105882352941176,6.5606060606060606,6.223529411764706,6.344827586206897,6.140917259597153,-0.41968880100890793,-0.21577847439916376,-0.20391032660974417
10353,4412,2021.0,Rodrigo Becao,25.0,35,D,10.0,10.0,6.042857142857143,5.91919191919192,6.1,5.934343434343434,6.0,6.016720490399808,-0.08327950960019148,-0.09999999999999964,0.016720490399808163
10407,4421,2021.0,Augello,26.0,36,D,7.0,7.0,5.819444444444445,5.905555555555556,5.930555555555555,6.0055555555555555,6.094594594594595,5.91583348881251,-0.014722066743045659,0.16403903903903938,-0.17876110578208504
10452,4426,2021.0,Toljan,26.0,20,D,5.0,5.0,5.85,5.86,5.85,5.886666666666667,5.67741935483871,5.9030549577779325,0.0530549577779329,-0.17258064516128968,0.22563560293922258
10497,4432,2021.0,Okoli,20.0,0,D,5.0,5.0,5.888888888888889,5.876923076923077,,5.9,5.676470588235294,5.834789442460589,,,0.15831885422529446
10506,4433,2021.0,Zortea,22.0,29,D,2.0,3.0,5.827586206896552,5.827586206896552,5.948275862068965,5.948275862068965,6.078947368421052,5.985661068698862,0.03738520662989675,0.1306715063520869,-0.09328629972219016
10533,4438,2021.0,Cassandro,21.0,0,D,1.0,1.0,5.888888888888889,5.876923076923077,,5.9,6.0,5.838124263510667,,,-0.16187573648933284
10803,4493,2021.0,Dawidowicz,26.0,17,D,4.0,4.0,5.794117647058823,5.870967741935484,5.705882352941177,5.774193548387097,5.804347826086956,5.863934140145175,0.15805178720399837,0.09846547314577947,0.0595863140582189
10821,4495,2021.0,Kumbulla,21.0,17,D,4.0,4.0,5.823529411764706,5.968253968253968,5.647058823529412,5.904761904761905,5.357142857142857,5.852358696516012,0.20529987298659957,-0.28991596638655537,0.49521583937315494
10866,4502,2021.0,Gallo,21.0,0,D,2.0,2.0,5.888888888888889,5.876923076923077,,5.9,5.65625,5.837771767205296,,,0.18152176720529578
10983,4521,2021.0,Muldur,22.0,31,D,5.0,5.0,5.774193548387097,5.909638554216867,5.693548387096774,5.951807228915663,6.0,5.921710956118657,0.22816256902188314,0.306451612903226,-0.07828904388134283
11046,4530,2021.0,Kyriakopoulos,25.0,29,D,6.0,6.0,5.896551724137931,5.903846153846154,5.931034482758621,5.935897435897436,6.1875,6.022559127660929,0.09152464490230816,0.256465517241379,-0.16494087233907084
11055,4657,2021.0,Celik,24.0,0,D,7.0,7.0,5.888888888888889,5.876923076923077,,5.9,5.729166666666667,5.948077565981723,,,0.21891089931505636
11127,4719,2021.0,Ampadu,20.0,29,D,6.0,6.0,5.827586206896552,5.827586206896552,5.689655172413793,5.689655172413793,5.790322580645161,5.878384764262304,0.188729591848511,0.10066740823136833,0.08806218361714269
11154,4751,2021.0,Tomori,23.0,31,D,15.0,15.0,6.290322580645161,6.28125,6.225806451612903,6.302083333333333,6.090909090909091,6.082535739648507,-0.1432707119643961,-0.1348973607038122,-0.008373351260583917
11253,4870,2021.0,Adopo,25.0,0,D,1.0,1.0,5.888888888888889,6.0,,6.0,5.888888888888889,5.844102911147271,,,-0.04478597774161841
11352,4887,2021.0,Bellanova,21.0,31,D,8.0,7.0,5.82258064516129,5.828125,5.903225806451613,5.90625,6.0,6.020656284590355,0.11743047813874163,0.09677419354838701,0.020656284590354623
11379,4891,2021.0,Soumaoro,29.0,28,D,5.0,5.0,5.839285714285714,5.839285714285714,5.589285714285714,5.767857142857143,5.891304347826087,5.861612381188718,0.27232666690300356,0.3020186335403725,-0.02969196663736895
11424,4897,2021.0,Pirola,19.0,0,D,4.0,4.0,5.888888888888889,6.0,,6.0,5.9423076923076925,5.848865296278759,,,-0.09344239602893367
11433,4899,2021.0,Singo,20.0,35,D,14.0,13.0,6.171428571428572,6.067164179104478,6.442857142857143,6.298507462686567,6.032258064516129,6.266490777377987,-0.17636636547915607,-0.41059907834101406,0.23423271286185798
11442,4904,2021.0,Mari',27.0,15,D,11.0,11.0,6.266666666666667,6.266666666666667,6.566666666666666,6.566666666666666,5.966666666666667,6.000274921424567,-0.5663917452420995,-0.5999999999999996,0.03360825475790019
11523,4934,2021.0,Lovato,21.0,22,D,6.0,6.0,5.9772727272727275,5.957446808510638,5.863636363636363,5.851063829787234,5.588235294117647,5.858742826834156,-0.004893536802207166,-0.27540106951871657,0.2705075327165094
11622,4958,2021.0,Caldirola,30.0,0,D,4.0,4.0,5.888888888888889,5.78,,5.92,6.032258064516129,5.838352037853728,,,-0.1939060266624013
11640,4960,2021.0,Tuia,31.0,0,D,3.0,3.0,5.888888888888889,5.611111111111111,,5.611111111111111,6.0,5.836554438457975,,,-0.16344556154202472
11721,4976,2021.0,Kalulu,21.0,28,D,14.0,15.0,6.285714285714286,6.109756097560975,6.392857142857143,6.2439024390243905,5.794117647058823,6.088040421348207,-0.3048167215089359,-0.5987394957983199,0.29392277428938396
11766,4982,2021.0,Erlic,23.0,30,D,9.0,9.0,5.95,5.9035087719298245,6.066666666666666,6.087719298245614,5.607142857142857,5.910840076447148,-0.15582659021951883,-0.45952380952380967,0.30369721930429083
11775,4983,2021.0,Ferrer,23.0,27,D,3.0,4.0,5.888888888888889,5.888888888888889,5.944444444444445,5.9,5.6,5.916014175665187,-0.028430268779257695,-0.344444444444445,0.3160141756651873
11838,4994,2021.0,Vojvoda,26.0,29,D,9.0,9.0,6.017241379310345,5.90566037735849,6.068965517241379,6.047169811320755,5.982758620689655,6.006015108524474,-0.0629504087169046,-0.0862068965517242,0.023256487834819595
11955,5010,2021.0,Ismajli,24.0,20,D,3.0,3.0,5.575,5.675675675675675,5.2,5.54054054054054,5.86,5.845198194933149,0.6451981949331485,0.6600000000000001,-0.014801805066851692
11982,5017,2021.0,Ballo-Toure',24.0,10,D,2.0,2.0,5.75,5.75,5.65,5.65,6.2,5.939778036915861,0.2897780369158607,0.5499999999999998,-0.26022196308413914
12072,5239,2021.0,Llorente D.,27.0,0,D,8.0,8.0,5.888888888888889,5.876923076923077,,5.9,6.055555555555555,5.905550584803362,,,-0.15000497075219332
12225,5313,2021.0,Dest,20.0,0,D,5.0,6.0,5.888888888888889,5.876923076923077,,5.9,5.6875,6.033564407361053,,,0.3460644073610526
12234,5316,2021.0,Amione,19.0,0,D,2.0,3.0,5.888888888888889,5.876923076923077,,5.9,5.62962962962963,5.839988182569929,,,0.21035855294029915
12288,5323,2021.0,Martinez Quarta,25.0,20,D,4.0,4.0,5.825,5.853658536585366,5.775,5.829268292682927,5.981481481481482,5.902415955967328,0.12741595596732758,0.2064814814814815,-0.07906552551415391
12333,5332,2021.0,Bastoni S.,24.0,31,D,12.0,13.0,6.112903225806452,6.066037735849057,6.387096774193548,6.330188679245283,6.473684210526316,6.200131320521506,-0.18696545367204198,0.08658743633276789,-0.27355289000480987
12414,5354,2021.0,Ruggeri,19.0,14,D,1.0,1.0,5.857142857142857,5.825,5.821428571428571,5.8,5.866666666666666,5.912508241368344,0.09107966993977268,0.04523809523809508,0.0458415747016776
12423,5355,2021.0,Udogie,18.0,35,D,13.0,13.0,6.0,6.0,6.457142857142857,6.378048780487805,6.393939393939394,6.304399334777082,-0.1527435223657756,-0.0632034632034637,-0.08954005916231189
12468,5375,2021.0,Maehle,24.0,26,D,8.0,7.0,5.846153846153846,5.880434782608695,5.961538461538462,5.989130434782608,6.161764705882353,6.051122053414847,0.08958359187638543,0.20022624434389158,-0.11064265246750615
12576,5399,2021.0,Antov,20.0,0,D,1.0,1.0,5.888888888888889,5.5,,5.4,5.5,5.841850739015256,,,0.3418507390152561
12774,5449,2021.0,Parisi,20.0,25,D,8.0,8.0,5.92,5.92,5.86,5.86,6.136363636363637,5.95630189458519,0.09630189458518945,0.27636363636363637,-0.18006174177844692
12783,5450,2021.0,Stojanovic,25.0,33,D,7.0,7.0,5.833333333333333,5.833333333333333,5.787878787878788,5.787878787878788,5.722222222222222,6.002650823365655,0.21477203548686674,-0.06565656565656575,0.2804286011434325
12900,5475,2021.0,Amian,23.0,32,D,6.0,6.0,5.71875,5.71875,5.671875,5.671875,5.533333333333333,5.90324533072752,0.2313703307275201,-0.13854166666666679,0.3699119973941869
12927,5479,2021.0,Ceccaroni,25.0,35,D,5.0,5.0,5.8,5.8,5.871428571428571,5.871428571428571,6.0,5.903127374175217,0.031698802746645605,0.128571428571429,-0.0968726258247834
12936,5480,2021.0,Ebuehi,25.0,19,D,3.0,3.0,5.631578947368421,5.631578947368421,5.552631578947368,5.552631578947368,6.4423076923076925,5.9130248451361,0.3603932661887317,0.8896761133603244,-0.5292828471715927
12945,5481,2021.0,Mazzocchi,26.0,33,D,7.0,7.0,5.848484848484849,5.848484848484849,5.833333333333333,5.833333333333333,6.462962962962963,5.921654054590844,0.088320721257511,0.6296296296296298,-0.5413089083721188
13026,5498,2021.0,Casale,23.0,36,D,9.0,10.0,5.861111111111111,5.861111111111111,5.75,5.75,6.0344827586206895,5.913744897184657,0.16374489718465668,0.2844827586206895,-0.12073786143603282
13161,5513,2021.0,Dumfries,25.0,33,D,20.0,19.0,6.212121212121212,6.212121212121212,6.742424242424242,6.742424242424242,6.0,6.544263504831225,-0.19816073759301744,-0.7424242424242422,0.5442635048312248
13170,5514,2021.0,Vasquez,25.0,28,D,6.0,6.0,5.892857142857143,5.892857142857143,5.875,5.875,5.78,5.84016931734088,-0.034830682659119816,-0.09499999999999975,0.060169317340879935
13224,5520,2021.0,Cambiaso,21.0,26,D,9.0,10.0,5.9423076923076925,5.9423076923076925,6.115384615384615,6.115384615384615,6.03125,6.010828790390033,-0.10455582499458238,-0.08413461538461497,-0.020421209609967406
13242,5526,2021.0,Scalvini,17.0,18,D,6.0,6.0,5.972222222222222,5.972222222222222,6.111111111111111,6.111111111111111,6.03125,5.9490886768329885,-0.16202243427812224,-0.07986111111111072,-0.08216132316701152
13251,5527,2021.0,Zanoli,20.0,12,D,3.0,3.0,5.958333333333333,5.958333333333333,5.875,5.875,6.282608695652174,5.923712177222006,0.04871217722200605,0.40760869565217384,-0.3588965184301678
13278,5532,2021.0,Bradaric,21.0,0,D,7.0,7.0,5.888888888888889,5.876923076923077,,5.9,5.774193548387097,5.9073285378344425,,,0.13313498944734548
13287,5554,2021.0,Daniliuc,20.0,0,D,7.0,8.0,5.888888888888889,5.876923076923077,,5.9,5.5,5.90970555764887,,,0.40970555764886996
13314,5603,2021.0,Pongracic,23.0,0,D,6.0,6.0,5.888888888888889,5.876923076923077,,5.9,5.888888888888889,5.866388511013953,,,-0.02250037787493664
13386,5677,2021.0,Perez N.,21.0,20,D,8.0,8.0,5.75,5.75,5.65,5.65,6.0,5.875980245012123,0.22598024501212244,0.34999999999999964,-0.1240197549878772
13395,5678,2021.0,Holm,21.0,0,D,2.0,3.0,5.888888888888889,5.876923076923077,,5.9,6.15,5.857705573969452,,,-0.29229442603054867
13422,5686,2021.0,Soppy,19.0,28,D,7.0,7.0,5.946428571428571,5.946428571428571,5.875,5.875,5.9,5.953370075264464,0.0783700752644636,0.025000000000000355,0.053370075264463246
13458,5691,2021.0,Zima,20.0,20,D,5.0,5.0,5.9,5.9,5.825,5.825,5.833333333333333,5.854061631844746,0.02906163184474586,0.00833333333333286,0.020728298511413
13602,5739,2021.0,De Winter,19.0,0,D,4.0,5.0,5.888888888888889,5.876923076923077,,5.9,5.642857142857143,5.836030003534245,,,0.1931728606771017
13611,5740,2021.0,Zanotti,18.0,1,D,1.0,1.0,6.0,6.0,6.0,6.0,6.0,5.900680719316878,-0.09931928068312157,0.0,-0.09931928068312157
13620,5747,2021.0,Ruan,22.0,10,D,3.0,3.0,5.75,5.75,5.7,5.7,5.260869565217392,5.900304633580938,0.20030463358093797,-0.4391304347826086,0.6394350683635466
13638,5750,2021.0,Ostigard,21.0,15,D,7.0,7.0,5.633333333333334,5.633333333333334,5.433333333333334,5.433333333333334,5.928571428571429,5.872114640387231,0.4387813070538975,0.49523809523809526,-0.05645678818419775
13678,5764,2021.0,Coppola D.,17.0,4,D,2.0,2.0,5.875,5.875,5.875,5.875,5.7105263157894735,5.851323254839268,-0.02367674516073226,-0.16447368421052655,0.1407969390497943
13855,5804,2021.0,Cacace,20.0,10,D,3.0,3.0,5.85,5.85,5.8,5.8,5.666666666666667,5.882101990725767,0.08210199072576696,-0.13333333333333286,0.21543532405909982
13963,5831,2021.0,Gatti,23.0,0,D,5.0,5.0,5.888888888888889,5.876923076923077,,5.9,5.833333333333333,5.975661270631159,,,0.1423279372978259
13981,5833,2021.0,Gila,20.0,0,D,4.0,4.0,5.888888888888889,5.876923076923077,,5.9,5.75,5.878211499164609,,,0.1282114991646086
13999,5835,2021.0,Baschirotto,24.0,0,D,2.0,2.0,5.888888888888889,5.876923076923077,,5.9,6.22972972972973,5.895392000978181,,,-0.33433772875154855
14026,5838,2021.0,Birindelli,22.0,0,D,3.0,4.0,5.888888888888889,5.876923076923077,,5.9,5.774193548387097,5.870117569796241,,,0.09592402140914391
14044,5840,2021.0,Olivera,23.0,0,D,7.0,7.0,5.888888888888889,5.876923076923077,,5.9,6.216666666666667,5.981323220783452,,,-0.2353434458832151
14098,5846,2021.0,Bayeye,25.0,0,D,1.0,1.0,5.888888888888889,5.876923076923077,,5.9,5.75,5.83846369371277,,,0.08846369371276985
14107,5847,2021.0,Bijol,22.0,0,D,5.0,5.0,5.888888888888889,5.876923076923077,,5.9,6.03125,5.844581930729268,,,-0.18666806927073232
14116,5848,2021.0,Ebosele,18.0,0,D,2.0,2.0,5.888888888888889,5.876923076923077,,5.9,5.9411764705882355,5.974175569988978,,,0.03299909940074208
14125,5849,2021.0,Buta,19.0,0,D,1.0,1.0,5.888888888888889,5.876923076923077,,5.9,6.0,5.893466007636271,,,-0.10653399236372874
14143,5851,2021.0,Doig,19.0,0,D,6.0,6.0,5.888888888888889,5.876923076923077,,5.9,6.5,5.859007615057443,,,-0.6409923849425567
14170,5856,2021.0,Sambia,24.0,0,D,7.0,7.0,5.888888888888889,5.876923076923077,,5.9,5.909090909090909,5.9370313114181466,,,0.02794040232723738
14197,5862,2021.0,Valeri,22.0,0,D,5.0,5.0,5.888888888888889,5.876923076923077,,5.9,6.3108108108108105,5.88794207083066,,,-0.4228687399801503
14224,5867,2021.0,Gendrey,21.0,0,D,4.0,4.0,5.888888888888889,5.876923076923077,,5.9,5.851351351351352,5.844274909366812,,,-0.0070764419845401605
14278,5877,2021.0,Carlos Augusto,22.0,0,D,8.0,8.0,5.888888888888889,5.876923076923077,,5.9,6.757142857142857,5.85818209191067,,,-0.8989607652321867
14341,5885,2021.0,Dodo',25.0,0,D,14.0,14.0,5.888888888888889,5.876923076923077,,5.9,5.984848484848484,5.978194929865792,,,-0.006653554982692711
14359,5891,2021.0,Quagliata,21.0,0,D,3.0,3.0,5.888888888888889,5.876923076923077,,5.9,5.8,5.952143000669238,,,0.15214300066923858
14368,5892,2021.0,Kim,24.0,0,D,13.0,13.0,5.888888888888889,5.876923076923077,,5.9,6.428571428571429,5.979700194484946,,,-0.4488712340864831
14422,5994,2021.0,Ebosse,22.0,0,D,4.0,4.0,5.888888888888889,5.876923076923077,,5.9,5.675,5.857013237271377,,,0.1820132372713772
14476,6002,2021.0,Aiwu,20.0,0,D,5.0,5.0,5.888888888888889,5.876923076923077,,5.9,5.565217391304348,5.894509237145861,,,0.3292918458415137
14530,6013,2021.0,Barbieri,25.0,0,D,1.0,1.0,5.888888888888889,5.876923076923077,,5.9,6.0,5.837848552343622,,,-0.16215144765637834
14548,6021,2021.0,Abankwah,25.0,0,D,1.0,1.0,5.888888888888889,5.876923076923077,,5.9,6.25,5.837848552343622,,,-0.41215144765637834
14557,6023,2021.0,Guessand A.,16.0,0,D,1.0,1.0,5.888888888888889,5.876923076923077,,5.9,6.5,5.844325469433437,,,-0.6556745305665634
14593,6027,2021.0,Lochoshvili,23.0,0,D,3.0,3.0,5.888888888888889,5.876923076923077,,5.9,5.9,5.834902317619361,,,-0.06509768238063973
14602,6028,2021.0,Bronn,26.0,0,D,5.0,5.0,5.888888888888889,5.876923076923077,,5.9,5.5,5.878644988303182,,,0.37864498830318194
14620,6039,2021.0,Cabal,25.0,0,D,3.0,3.0,5.888888888888889,5.876923076923077,,5.9,5.7727272727272725,5.83846369371277,,,0.06573642098549737
14629,6041,2021.0,Schuurs,21.0,0,D,9.0,9.0,5.888888888888889,5.876923076923077,,5.9,6.183333333333334,5.8901568625000085,,,-0.2931764708333251
14638,6042,2021.0,Lucumi',23.0,0,D,9.0,10.0,5.888888888888889,5.876923076923077,,5.9,5.681818181818182,5.863583762430511,,,0.18176558061232928
14647,6043,2021.0,Sosa,25.0,0,D,2.0,2.0,5.888888888888889,5.876923076923077,,5.9,5.35,5.83846369371277,,,0.4884636937127702
14656,6046,2021.0,Hien,25.0,0,D,6.0,6.0,5.888888888888889,5.876923076923077,,5.9,5.796875,5.83846369371277,,,0.04158869371276985
14665,6047,2021.0,Ehizibue,26.0,0,D,4.0,4.0,5.888888888888889,5.876923076923077,,5.9,5.925925925925926,5.902205025397514,,,-0.023720900528411804
14692,6055,2021.0,Thiaw,19.0,0,D,6.0,6.0,5.888888888888889,5.876923076923077,,5.9,5.8,5.874181148363391,,,0.07418114836339118
14737,6066,2021.0,Posch,24.0,0,D,8.0,9.0,5.888888888888889,5.876923076923077,,5.9,6.683333333333334,5.916095187074826,,,-0.7672381462585074
14782,6118,2021.0,Moutinho J.,25.0,0,D,2.0,2.0,5.888888888888889,5.876923076923077,,5.9,5.875,5.83846369371277,,,-0.03653630628723015
14836,6139,2021.0,Zeefuik,23.0,0,D,4.0,4.0,5.888888888888889,5.876923076923077,,5.9,6.0,5.917732403059393,,,-0.08226759694060704
14881,6149,2021.0,Carboni F.,18.0,0,D,1.0,1.0,5.888888888888889,5.876923076923077,,5.9,6.166666666666667,5.83846369371277,,,-0.3282029729538971
14890,6153,2021.0,Wisniewski,23.0,0,D,3.0,3.0,5.888888888888889,5.876923076923077,,5.9,5.607142857142857,5.83567059305328,,,0.22852773591042297
141,21,2021.0,D'Alessandro,30.0,0,C,1.0,2.0,5.976190476190476,6.063725490196078,,6.264705882352941,6.0625,6.017017879965983,,,-0.04548212003401719
150,22,2021.0,De Roon,30.0,30,C,7.0,7.0,5.95,5.995121951219512,6.133333333333334,6.056097560975609,6.257142857142857,5.953654791765883,-0.17967854156745044,0.12380952380952337,-0.3034880653769738
168,27,2021.0,Grassi,26.0,30,C,6.0,7.0,5.95,5.948148148148148,5.883333333333334,5.962962962962963,5.88,5.903262300769735,0.01992896743640138,-0.0033333333333338544,0.023262300769735234
897,148,2021.0,Krunic,27.0,28,C,7.0,6.0,6.107142857142857,5.9391891891891895,6.107142857142857,6.087837837837838,5.826086956521739,5.996932289193875,-0.11021056794898154,-0.2810559006211175,0.17084533267213597
906,150,2021.0,Saponara,29.0,29,C,11.0,11.0,6.258620689655173,6.091194968553459,6.655172413793103,6.49685534591195,6.5,6.443571966984361,-0.2116004468087418,-0.1551724137931032,-0.05642803301563859
915,152,2021.0,Zielinski,27.0,35,C,19.0,19.0,6.114285714285714,6.1892430278884465,6.757142857142857,6.685258964143427,6.716216216216216,6.502388425441327,-0.2547544317015298,-0.04092664092664133,-0.21382779077488845
1104,181,2021.0,Vecino,29.0,17,C,6.0,7.0,6.0,5.96969696969697,6.117647058823529,6.1878787878787875,6.046875,6.036775652889106,-0.0808714059344231,-0.070772058823529,-0.010099347110894108
1455,236,2021.0,Lazovic,30.0,34,C,13.0,13.0,6.220588235294118,6.077669902912621,6.485294117647059,6.359223300970874,6.816666666666666,6.3112480108167075,-0.17404610683035138,0.33137254901960755,-0.5054186558499589
1473,238,2021.0,Rincon,33.0,24,C,6.0,6.0,5.833333333333333,5.970982142857143,5.729166666666667,5.984375,5.529411764705882,5.872299559683903,0.14313289301723575,-0.19975490196078471,0.34288779497802047
1680,265,2021.0,Brozovic,28.0,35,C,15.0,15.0,6.314285714285714,6.128440366972477,6.414285714285715,6.4036697247706424,6.517857142857143,6.19522842093017,-0.21905729335554458,0.10357142857142865,-0.3226287219269732
1941,302,2021.0,Pereyra,30.0,24,C,18.0,18.0,6.145833333333333,6.161971830985915,6.395833333333333,6.485915492957746,6.6911764705882355,6.359834486348315,-0.03599884698501832,0.29534313725490247,-0.3313419842399208
1950,303,2021.0,Pogba,28.0,0,C,24.0,24.0,5.976190476190476,6.314285714285714,,7.057142857142857,6.0,6.358634340815846,,,0.3586343408158461
2139,332,2021.0,Candreva,34.0,36,C,17.0,17.0,6.180555555555555,6.155555555555556,6.847222222222222,6.697777777777778,6.885714285714286,6.570093118542156,-0.2771291036800667,0.0384920634920638,-0.3156211671721305
2148,333,2021.0,Cataldi,26.0,32,C,8.0,8.0,6.03125,5.86624203821656,6.078125,5.923566878980892,5.931034482758621,5.93396314055662,-0.14416185944338,-0.147090517241379,0.0029286577979990014
2166,335,2021.0,Felipe Anderson,28.0,38,C,19.0,19.0,6.144736842105263,6.173076923076923,6.802631578947368,6.823076923076923,7.0,6.587714468864075,-0.2149171100832934,0.19736842105263186,-0.41228553113592525
2391,367,2021.0,Bonaventura,31.0,31,C,14.0,16.0,6.17741935483871,6.152406417112299,6.564516129032258,6.668449197860962,6.666666666666667,6.401015676848008,-0.16350045218425002,0.10215053763440896,-0.265650989818659
2445,376,2021.0,Verdi,29.0,18,C,13.0,13.0,6.222222222222222,6.048295454545454,7.138888888888889,6.667613636363637,6.625,6.535592775968436,-0.6032961129204537,-0.5138888888888893,-0.08940722403156443
3092,468,2021.0,Paredes,27.0,0,C,13.0,15.0,5.976190476190476,6.166666666666667,,6.325,5.82,6.083316274684466,,,0.26331627468446595
3524,526,2021.0,Duncan,28.0,33,C,7.0,7.0,5.924242424242424,5.962765957446808,6.121212121212121,6.11968085106383,5.96,5.989194946500689,-0.13201717471143226,-0.16121212121212114,0.02919494650068888
3560,530,2021.0,Pellegrini Lo.,25.0,28,C,27.0,26.0,6.267857142857143,6.148148148148148,7.089285714285714,6.648148148148148,6.328125,7.1925551183126935,0.10326940402697904,-0.7611607142857144,0.8644301183126935
3605,536,2021.0,Politano,27.0,33,C,15.0,15.0,6.121212121212121,6.129385964912281,6.46969696969697,6.673245614035087,6.462962962962963,6.44394190477191,-0.0257550649250593,-0.006734006734006925,-0.019021058191052376
3767,557,2021.0,Benassi,26.0,18,C,3.0,3.0,5.805555555555555,5.923312883435583,5.75,6.2607361963190185,5.794117647058823,6.004450716443439,0.2544507164434391,0.04411764705882337,0.2103330693846157
4226,632,2021.0,Zaccagni,26.0,31,C,20.0,20.0,6.290322580645161,6.2,6.903225806451613,6.6045454545454545,7.442857142857143,6.544849992646255,-0.3583758138053579,0.5396313364055301,-0.898007150210888
4334,645,2021.0,Milinkovic-Savic,26.0,37,C,29.0,29.0,6.513513513513513,6.244588744588745,7.594594594594595,6.896103896103896,7.083333333333333,6.772368282922821,-0.8222263116717734,-0.5112612612612617,-0.3109650504105117
4523,666,2021.0,Machin,24.0,0,C,4.0,4.0,5.976190476190476,5.75,,6.25,5.92,6.068985697319129,,,0.14898569731912925
4586,697,2021.0,Cuadrado,33.0,33,C,15.0,15.0,6.287878787878788,6.1735751295336785,6.606060606060606,6.515544041450777,5.919354838709677,6.323071374035189,-0.28298923202541726,-0.6867057673509294,0.4037165353255121
4964,779,2021.0,Cristante,26.0,34,C,9.0,9.0,5.970588235294118,5.926395939086294,5.955882352941177,6.1421319796954315,5.888888888888889,6.0444892085433874,0.08860685560221082,-0.06699346405228734,0.15560031965449816
5081,795,2021.0,El Shaarawy,28.0,27,C,9.0,9.0,5.925925925925926,6.0479452054794525,6.2407407407407405,6.907534246575342,7.0344827586206895,6.402294894894788,0.1615541541540475,0.793742017879949,-0.6321878637259015
5135,801,2021.0,Gagliardini,27.0,18,C,8.0,8.0,6.083333333333333,5.986754966887418,6.472222222222222,6.258278145695364,5.605263157894737,6.023887091267703,-0.4483351309545194,-0.8669590643274852,0.4186239333729658
5270,827,2021.0,Locatelli,23.0,31,C,14.0,14.0,6.145161290322581,6.094285714285714,6.435483870967742,6.217142857142857,6.078125,6.190488254071373,-0.24499561689636895,-0.357358870967742,0.11236325407137304
5450,1870,2021.0,Barella,24.0,36,C,20.0,19.0,6.486111111111111,6.1811224489795915,6.916666666666667,6.346938775510204,6.857142857142857,6.461389492840436,-0.45527717382623134,-0.0595238095238102,-0.39575336430242114
5603,1901,2021.0,Barberis,27.0,0,C,7.0,7.0,5.976190476190476,5.7890625,,5.9140625,5.888888888888889,5.944329159185559,,,0.055440270296669425
5747,1933,2021.0,Mandragora,24.0,21,C,9.0,9.0,6.119047619047619,5.873287671232877,6.0476190476190474,5.969178082191781,6.241379310344827,6.050877804838531,0.0032587572194833214,0.19376026272577995,-0.19050150550629663
5990,1978,2021.0,Sensi,25.0,20,C,12.0,12.0,5.95,6.054054054054054,6.075,6.252252252252252,6.232142857142857,6.188771003266048,0.11377100326604772,0.15714285714285658,-0.043371853876808864
6080,1995,2021.0,Djuricic,29.0,12,C,13.0,13.0,6.083333333333333,5.9961832061068705,6.625,6.316793893129771,5.71875,6.357570895971549,-0.26742910402845066,-0.90625,0.6388208959715493
6125,2002,2021.0,Chiesa,23.0,14,C,25.0,25.0,6.214285714285714,6.258333333333334,6.785714285714286,6.875,6.595238095238095,6.625740500526703,-0.15997378518758243,-0.1904761904761907,0.03050240528860826
6170,2008,2021.0,Linetty,26.0,16,C,5.0,4.0,5.78125,5.925149700598802,5.71875,6.107784431137724,5.921875,5.957317506375777,0.23856750637577662,0.203125,0.03544250637577662
6197,2011,2021.0,Miguel Veloso,35.0,22,C,6.0,6.0,6.045454545454546,5.954545454545454,6.0227272727272725,6.038461538461538,5.704545454545454,5.981089680292818,-0.041637592434454085,-0.31818181818181834,0.27654422574736426
6485,2077,2021.0,Pasalic,26.0,37,C,22.0,21.0,6.216216216216216,6.068181818181818,7.391891891891892,6.8311688311688314,6.40625,6.586484268230191,-0.8054076236617007,-0.9856418918918921,0.1802342682301914
6557,2085,2021.0,Luis Alberto,28.0,34,C,18.0,17.0,6.147058823529412,6.252873563218391,6.8088235294117645,7.037356321839081,6.9,6.477268302587618,-0.33155522682414684,0.09117647058823586,-0.4227316974123827
6764,2117,2021.0,Kastanos,23.0,27,C,5.0,5.0,5.907407407407407,5.833333333333333,5.944444444444445,5.847222222222222,6.160714285714286,6.045161501967512,0.10071705752306759,0.21626984126984095,-0.11555278374677336
6960,2154,2021.0,Vignato,20.0,24,C,3.0,3.0,5.9375,5.977611940298507,5.9375,6.111940298507463,6.269230769230769,5.998733036549212,0.061233036549212194,0.33173076923076916,-0.27049773268155697
6996,2161,2021.0,Haas,25.0,16,C,3.0,3.0,5.875,5.84,5.90625,5.86,5.958333333333333,5.952524219575346,0.04627421957534583,0.05208333333333304,-0.005809113757987205
7050,2167,2021.0,Orsolini,24.0,29,C,15.0,15.0,6.0344827586206895,6.013245033112582,6.724137931034483,6.672185430463577,7.09375,6.590136466212181,-0.13400146482230202,0.3696120689655169,-0.5036135337878189
7095,2172,2021.0,Barak,26.0,29,C,22.0,21.0,6.310344827586207,6.058139534883721,7.482758620689655,6.705426356589148,5.967741935483871,6.603272318636211,-0.8794863020534436,-1.5150166852057838,0.6355303831523402
7248,2194,2021.0,Calhanoglu,27.0,34,C,19.0,18.0,6.352941176470588,6.207100591715976,7.161764705882353,6.8609467455621305,6.742424242424242,6.4108934738548005,-0.7508712320275528,-0.41934046345811105,-0.33153076856944175
7482,2253,2021.0,Bandinelli,26.0,35,C,6.0,5.0,5.885714285714286,5.885714285714286,6.0,6.0,5.914285714285715,6.0879676346740474,0.08796763467404745,-0.08571428571428541,0.17368192038833286
7572,2274,2021.0,Valoti,27.0,0,C,5.0,5.0,5.976190476190476,5.811688311688312,,5.9935064935064934,5.84375,6.229238367177218,,,0.385488367177218
7950,2334,2021.0,Leris,23.0,0,C,3.0,3.0,5.976190476190476,5.790322580645161,,5.806451612903226,5.796875,6.072329217336723,,,0.2754542173367227
8022,2379,2021.0,Rabiot,26.0,32,C,7.0,7.0,5.734375,5.8138297872340425,5.71875,5.914893617021277,7.03125,6.022605520720327,0.30385552072032684,1.3125,-1.0086444792796732
8049,2391,2021.0,Ekdal,32.0,26,C,7.0,7.0,5.788461538461538,5.901639344262295,5.6923076923076925,5.860655737704918,5.790322580645161,5.877549407212496,0.18524171490480335,0.09801488833746852,0.08722682656733483
8058,2392,2021.0,Walace,26.0,36,C,7.0,7.0,5.888888888888889,5.901162790697675,5.861111111111111,5.854651162790698,5.891891891891892,5.9921336512106445,0.13102254009953374,0.03078078078078139,0.10024175931875234
8211,2528,2021.0,Matic,32.0,0,C,7.0,7.0,5.976190476190476,5.988516830294531,,6.143908898305085,6.314285714285714,5.945853664210329,,,-0.36843205007538504
8220,2529,2021.0,Mkhitaryan,32.0,31,C,16.0,16.0,6.209677419354839,6.264367816091954,6.82258064516129,7.373563218390805,6.387096774193548,6.607978732123875,-0.2146019130374146,-0.435483870967742,0.2208819579303274
8346,2625,2021.0,Soriano,30.0,35,C,12.0,12.0,5.871428571428571,6.023255813953488,5.871428571428571,6.403100775193798,6.222222222222222,6.173250250377956,0.30182167894938505,0.3507936507936513,-0.04897197184426627
8373,2638,2021.0,Wijnaldum,30.0,0,C,17.0,17.0,5.976190476190476,5.988516830294531,,6.143908898305085,6.535714285714286,6.143173577578784,,,-0.3925407081355017
8382,2639,2021.0,Bakayoko,26.0,14,C,2.0,2.0,5.785714285714286,5.954545454545454,5.678571428571429,5.98051948051948,5.833333333333333,5.9028336102225145,0.2242621816510857,0.1547619047619042,0.06950027688918148
8742,2741,2021.0,Pessina,24.0,27,C,13.0,13.0,5.907407407407407,6.053921568627451,6.055555555555555,6.333333333333333,6.571428571428571,6.244582718400249,0.18902716284469356,0.5158730158730158,-0.32684585302832225
9066,2789,2021.0,Meite',27.0,0,C,7.0,8.0,5.976190476190476,5.892857142857143,,5.954081632653061,5.774193548387097,5.926735059320134,,,0.15254151093303658
9219,2818,2021.0,Bennacer,23.0,31,C,10.0,10.0,6.241935483870968,5.995833333333334,6.354838709677419,5.970833333333333,6.464285714285714,6.093533833151986,-0.26130487652543266,0.10944700460829537,-0.37075188113372803
9237,2825,2021.0,Bourabia,29.0,8,C,4.0,4.0,6.0625,5.833333333333333,6.375,5.826388888888889,6.0,5.9175367009449715,-0.45746329905502847,-0.375,-0.08246329905502847
9300,2839,2021.0,Sottil,22.0,24,C,8.0,8.0,6.0,5.976923076923077,6.375,6.176923076923077,6.055555555555555,6.280652155383482,-0.09434784461651802,-0.31944444444444464,0.22509659982792662
9363,2848,2021.0,Frattesi,21.0,36,C,16.0,16.0,6.083333333333333,6.083333333333333,6.361111111111111,6.361111111111111,6.791666666666667,6.45131641801947,0.09020530690835926,0.43055555555555625,-0.340350248647197
9417,2855,2021.0,Vieira,24.0,14,C,4.0,4.0,5.821428571428571,5.745762711864407,5.714285714285714,5.593220338983051,5.611111111111111,5.9265055378524005,0.21221982356668612,-0.1031746031746037,0.3153944267412898
9579,4143,2021.0,Ndombele',24.0,0,C,11.0,11.0,5.976190476190476,5.988516830294531,,6.143908898305085,5.95,6.07338907823308,,,0.12338907823307999
9678,4220,2021.0,Zambo Anguissa,25.0,25,C,11.0,12.0,6.26,6.26,6.2,6.2,6.597222222222222,6.116291855235476,-0.08370814476452448,0.39722222222222214,-0.4809303669867466
9732,4260,2021.0,Winks,25.0,0,C,6.0,7.0,5.976190476190476,5.988516830294531,,6.143908898305085,5.725,5.953146539486727,,,0.22814653948672703
9777,4287,2021.0,Lobotka,26.0,23,C,11.0,12.0,6.260869565217392,6.144230769230769,6.3478260869565215,6.163461538461538,6.342105263157895,6.046638504853112,-0.30118758210340957,-0.005720823798626817,-0.29546675830478275
9984,4342,2021.0,Duda,26.0,0,C,9.0,8.0,5.976190476190476,5.988516830294531,,6.143908898305085,5.7,6.167287318631243,,,0.46728731863124295
10011,4349,2021.0,Nicolussi Caviglia,24.0,0,C,3.0,3.0,5.976190476190476,6.0,,6.0,5.916666666666667,5.951686487155547,,,0.03501982048887964
10065,4364,2021.0,Gaetano,21.0,2,C,4.0,4.0,6.0,6.0,6.0,6.0,6.4375,6.18866786640345,0.18866786640345,0.4375,-0.24883213359655
10146,4376,2021.0,Zurkowski,23.0,35,C,8.0,8.0,6.1571428571428575,6.148648648648648,6.6571428571428575,6.621621621621622,5.791666666666667,6.301160026193013,-0.35598283094984406,-0.8654761904761905,0.5094933595263464
10155,4377,2021.0,Castrovilli,24.0,23,C,9.0,9.0,6.021739130434782,6.127777777777778,6.108695652173913,6.361111111111111,6.433333333333334,6.110371136196272,0.0016754840223587308,0.3246376811594205,-0.32296219713706176
10236,4393,2021.0,Schouten,24.0,17,C,8.0,9.0,5.970588235294118,5.892857142857143,6.088235294117647,5.85,5.924242424242424,5.871682222105299,-0.21655307201234741,-0.16399286987522288,-0.052560202137124534
10326,4408,2021.0,Esposito Sa.,20.0,0,C,5.0,6.0,5.976190476190476,5.988516830294531,,6.143908898305085,5.8,5.995469561355122,,,0.1954695613551225
10605,4449,2021.0,Tonali,21.0,36,C,16.0,16.0,6.347222222222222,6.09375,6.694444444444445,6.265625,6.470588235294118,6.415462394219117,-0.27898205022532796,-0.2238562091503269,-0.05512584107500107
10650,4459,2021.0,Rovella,19.0,21,C,3.0,3.0,6.095238095238095,5.976744186046512,6.119047619047619,5.988372093023256,6.125,5.996166228225672,-0.12288139082194682,0.005952380952381375,-0.1288337717743282
10677,4465,2021.0,Fagioli,20.0,0,C,3.0,3.0,5.976190476190476,6.0,,6.0,6.519230769230769,6.0054947352417445,,,-0.5137360339890247
10740,4479,2021.0,Elmas,21.0,37,C,11.0,11.0,6.094594594594595,6.005208333333333,6.405405405405405,6.192708333333333,6.652777777777778,6.300320254736409,-0.10508515066899626,0.24737237237237242,-0.3524575230413687
10776,4486,2021.0,Strefezza,24.0,0,C,13.0,13.0,5.976190476190476,5.90625,,5.921875,6.942857142857143,6.081787486865573,,,-0.86106965599157
10830,4498,2021.0,Henderson L.,25.0,38,C,8.0,8.0,6.0,6.0,6.184210526315789,6.154761904761905,5.7,6.149938454762568,-0.03427207155322165,-0.4842105263157892,0.44993845476256755
10857,4501,2021.0,Obiang,24.0,0,C,2.0,2.0,5.976190476190476,5.862068965517241,,5.758620689655173,5.852941176470588,5.93454043461969,,,0.08159925814910185
10938,4515,2021.0,Agudelo,22.0,23,C,9.0,8.0,5.891304347826087,5.892307692307693,6.260869565217392,6.076923076923077,5.882352941176471,6.162829721751105,-0.09803984346628614,-0.37851662404092057,0.28047678057463443
10992,4522,2021.0,Amrabat,24.0,23,C,8.0,8.0,6.043478260869565,6.090909090909091,6.043478260869565,6.017045454545454,5.844827586206897,5.91092666917867,-0.1325515916908957,-0.1986506746626686,0.06609908297177292
11064,4658,2021.0,Ikone',23.0,17,C,14.0,14.0,5.882352941176471,5.882352941176471,6.088235294117647,6.088235294117647,6.393939393939394,6.3348338143315335,0.24659852021388673,0.30570409982174684,-0.059105579607860115
11091,4681,2021.0,Lopez M.,23.0,35,C,9.0,10.0,6.085714285714285,5.984375,6.085714285714285,6.0234375,5.75,6.01107296765371,-0.07464131806057583,-0.3357142857142854,0.2610729676537096
11109,4701,2021.0,Cuisance,21.0,13,C,4.0,4.0,5.6923076923076925,5.6923076923076925,5.615384615384615,5.615384615384615,5.666666666666667,5.900707296150214,0.2853226807655993,0.05128205128205199,0.2340406294835473
11118,4711,2021.0,Kostic,28.0,0,C,15.0,18.0,5.976190476190476,5.988516830294531,,6.143908898305085,6.581081081081081,6.376569296949832,,,-0.20451178413124893
11136,4725,2021.0,Demme,29.0,19,C,4.0,4.0,5.947368421052632,6.043103448275862,6.0,6.146551724137931,5.928571428571429,5.941408307463766,-0.05859169253623442,-0.07142857142857117,0.012836878892336756
11190,4825,2021.0,Diaz B.,21.0,31,C,11.0,11.0,6.064516129032258,6.120689655172414,6.387096774193548,6.5344827586206895,6.833333333333333,6.378458881775725,-0.008637892417823423,0.446236559139785,-0.4548744515576084
11244,4869,2021.0,Dominguez,23.0,28,C,8.0,9.0,6.053571428571429,5.958333333333333,6.017857142857143,5.9375,6.451612903225806,5.934917126815013,-0.08294001604213008,0.4337557603686628,-0.5166957764107929
11370,4890,2021.0,Tameze,27.0,38,C,14.0,14.0,6.2368421052631575,6.089743589743589,6.552631578947368,6.243589743589744,5.77027027027027,6.250494225184993,-0.30213735376237505,-0.782361308677098,0.4802239549147229
11388,4892,2021.0,Saelemaekers,22.0,36,C,8.0,8.0,6.013888888888889,5.981481481481482,6.152777777777778,6.135802469135802,6.166666666666667,6.168258277478463,0.015480499700685435,0.013888888888889284,0.0015916108117961514
11415,4896,2021.0,Maldini,19.0,8,C,2.0,2.0,6.125,6.066666666666666,6.4375,6.233333333333333,6.361111111111111,6.115059641532554,-0.32244035846744623,-0.07638888888888928,-0.24605146957855695
11478,4921,2021.0,Askildsen,20.0,19,C,3.0,3.0,5.842105263157895,5.896551724137931,5.605263157894737,5.775862068965517,5.714285714285714,5.864351285518547,0.2590881276238095,0.10902255639097724,0.15006557123283226
11676,4965,2021.0,Marin,25.0,36,C,7.0,8.0,5.902777777777778,5.945205479452055,5.958333333333333,6.123287671232877,6.181818181818182,6.101512669313246,0.14317933597991317,0.22348484848484862,-0.08030551250493545
11694,4970,2021.0,Messias,30.0,26,C,14.0,14.0,6.0,6.137096774193548,6.615384615384615,6.830645161290323,6.62,6.604331807942813,-0.011052807441801704,0.004615384615385132,-0.015668192057186836
11811,4988,2021.0,Maggiore,23.0,35,C,10.0,10.0,6.071428571428571,6.080882352941177,6.2,6.272058823529412,5.75,6.172368326731311,-0.027631673268689205,-0.4500000000000002,0.422368326731311
11829,4992,2021.0,Gyasi,27.0,36,C,10.0,10.0,5.777777777777778,5.86986301369863,6.083333333333333,6.239726027397261,5.8,6.32203567107156,0.2387023377382267,-0.2833333333333332,0.5220356710715599
11892,5001,2021.0,Miranchuk,25.0,19,C,8.0,8.0,5.894736842105263,6.034090909090909,6.421052631578948,6.556818181818182,6.810344827586207,6.2186808107232245,-0.20237182085572325,0.3892921960072595,-0.5916640168629828
11928,5007,2021.0,Ilic,20.0,32,C,13.0,13.0,6.0625,6.0,6.078125,6.090163934426229,6.34,6.092360241790054,0.014235241790053976,0.26187499999999986,-0.24763975820994588
12000,5063,2021.0,Radonjic,25.0,0,C,7.0,7.0,5.976190476190476,5.988516830294531,,6.143908898305085,6.482142857142857,6.015533874675936,,,-0.46660898246692106
12054,5119,2021.0,Samardzic,19.0,22,C,8.0,8.0,6.068181818181818,6.068181818181818,6.431818181818182,6.431818181818182,6.513513513513513,6.227086387154442,-0.20473179466373992,0.0816953316953315,-0.2864271263590714
12090,5286,2021.0,Akpa Akpro,28.0,10,C,2.0,3.0,5.6,5.880952380952381,5.55,5.785714285714286,6.0,5.886273544652422,0.3362735446524221,0.4500000000000002,-0.11372645534757808
12099,5287,2021.0,Arslan,30.0,30,C,6.0,6.0,6.016666666666667,5.966666666666667,5.966666666666667,6.016666666666667,5.930555555555555,5.973657684262513,0.006991017595845861,-0.03611111111111143,0.04310212870695729
12153,5298,2021.0,Pobega,22.0,33,C,9.0,9.0,6.242424242424242,6.188679245283019,6.46969696969697,6.613207547169812,6.184210526315789,6.216826778764878,-0.25287019093209206,-0.28548644338118034,0.03261625244908828
12558,5397,2021.0,Kovalenko,25.0,26,C,7.0,7.0,5.884615384615385,5.888888888888889,6.038461538461538,6.037037037037037,5.916666666666667,5.926652083932899,-0.11180945452863966,-0.12179487179487136,0.0099854172662317
12657,5422,2021.0,Zalewski,19.0,16,C,7.0,7.0,5.875,5.882352941176471,5.84375,5.911764705882353,6.151515151515151,5.989772233685376,0.14602223368537626,0.3077651515151514,-0.16174291782977512
12666,5423,2021.0,Bove,19.0,11,C,1.0,1.0,6.090909090909091,6.083333333333333,6.363636363636363,6.333333333333333,6.113636363636363,6.064282890403945,-0.29935347323241857,-0.25,-0.049353473232418565
12720,5442,2021.0,Bertini,18.0,0,C,1.0,1.0,5.976190476190476,6.0,,6.0,6.0,5.938987328829143,,,-0.0610126711708574
12792,5451,2021.0,Bajrami,22.0,35,C,18.0,17.0,6.242857142857143,6.242857142857143,6.857142857142857,6.857142857142857,6.013513513513513,6.758853118084369,-0.09828973905848759,-0.8436293436293436,0.745339604570856
12801,5453,2021.0,Ricci S.,19.0,32,C,7.0,7.0,5.890625,5.890625,5.953125,5.953125,6.303571428571429,5.902851386696925,-0.05027361330307478,0.3504464285714288,-0.4007200418745036
12810,5457,2021.0,Maleh,22.0,28,C,3.0,3.0,6.053571428571429,6.053571428571429,6.214285714285714,6.214285714285714,5.770833333333333,6.077428340411905,-0.13685737387380925,-0.4434523809523814,0.3065950070785721
12972,5486,2021.0,Crnigoj,25.0,34,C,5.0,5.0,5.970588235294118,5.970588235294118,6.220588235294118,6.220588235294118,5.785714285714286,6.041818587948297,-0.17876964734582046,-0.43487394957983216,0.2561043022340117
13080,5504,2021.0,Coulibaly L.,25.0,31,C,6.0,6.0,5.790322580645161,5.790322580645161,5.741935483870968,5.741935483870968,6.228571428571429,5.935742769767688,0.19380728589672014,0.4866359447004607,-0.29282865880374054
13134,5510,2021.0,Romero L.,16.0,8,C,2.0,2.0,5.875,5.875,5.875,5.875,6.583333333333333,6.04845907825553,0.1734590782555303,0.708333333333333,-0.5348742550778027
13143,5511,2021.0,Matheus Henrique,23.0,25,C,6.0,7.0,5.9,5.9,5.84,5.84,6.266666666666667,5.935156244661446,0.09515624466144601,0.42666666666666675,-0.33151042200522074
13188,5516,2021.0,Bianco,18.0,0,C,1.0,1.0,5.976190476190476,5.988516830294531,,6.143908898305085,6.0,5.958030038169123,,,-0.04196996183087709
13197,5517,2021.0,Yepes,18.0,4,C,3.0,3.0,6.0,6.0,6.0,6.0,5.2,5.897232069704629,-0.10276793029537057,-0.7999999999999998,0.6972320697046293
13323,5610,2021.0,Vranckx,18.0,0,C,6.0,7.0,5.976190476190476,5.988516830294531,,6.143908898305085,5.888888888888889,6.056445456468868,,,0.16755656757997883
13359,5674,2021.0,Basic,24.0,29,C,5.0,4.0,5.896551724137931,5.896551724137931,5.913793103448276,5.913793103448276,6.08,6.029615182987805,0.11582207953952928,0.16620689655172427,-0.05038481701219499
13413,5685,2021.0,Koopmeiners,23.0,30,C,15.0,15.0,6.283333333333333,6.283333333333333,6.583333333333333,6.583333333333333,7.136363636363637,6.281724109281168,-0.3016092240521653,0.5530303030303036,-0.8546395270824689
13431,5687,2021.0,Vlasic,23.0,0,C,15.0,15.0,5.976190476190476,5.988516830294531,,6.143908898305085,6.823529411764706,6.224909504513207,,,-0.598619907251499
13440,5688,2021.0,Harroui,23.0,22,C,2.0,2.0,5.909090909090909,5.909090909090909,5.863636363636363,5.863636363636363,6.173913043478261,5.99605645288229,0.13242008924592685,0.31027667984189744,-0.1778565905959706
13512,5705,2021.0,Galdames,24.0,19,C,3.0,3.0,5.657894736842105,5.657894736842105,5.605263157894737,5.605263157894737,6.115384615384615,5.939618536895595,0.33435537900085777,0.5101214574898778,-0.17576607848902004
13557,5719,2021.0,Asllani,19.0,23,C,8.0,8.0,6.0,6.0,6.130434782608695,6.130434782608695,5.9,5.942097057055242,-0.18833772555345352,-0.230434782608695,0.04209705705524147
13593,5735,2021.0,Volpato,17.0,3,C,1.0,1.0,6.333333333333333,6.333333333333333,7.333333333333333,7.333333333333333,6.571428571428571,6.174102496760682,-1.1592308365726511,-0.7619047619047619,-0.3973260746678893
13689,5772,2021.0,Pyyhtia,17.0,1,C,1.0,1.0,6.0,6.0,6.0,6.0,6.166666666666667,5.9424870865978034,-0.05751291340219655,0.16666666666666696,-0.22417958006886352
13707,5776,2021.0,Ceide,19.0,6,C,2.0,2.0,5.916666666666667,5.916666666666667,5.916666666666667,5.916666666666667,5.973684210526316,5.9966754524771355,0.08000878581046855,0.05701754385964897,0.022991241950819585
13716,5784,2021.0,Aebischer,24.0,12,C,4.0,3.0,5.916666666666667,5.916666666666667,5.875,5.875,5.921875,5.949476967655409,0.0744769676554089,0.046875,0.0276019676554089
13747,5788,2021.0,Sabiri,24.0,14,C,15.0,15.0,6.142857142857143,6.142857142857143,6.821428571428571,6.821428571428571,5.805555555555555,6.376231280552531,-0.44519729087604,-1.0158730158730158,0.5706757249969758
13774,5792,2021.0,Ederson D.S.,22.0,15,C,13.0,13.0,6.166666666666667,6.166666666666667,6.466666666666667,6.466666666666667,6.0,6.201417064400522,-0.26524960226614436,-0.4666666666666668,0.20141706440052243
13819,5798,2021.0,Bohinen,22.0,11,C,7.0,7.0,5.954545454545454,5.954545454545454,5.818181818181818,5.818181818181818,5.854166666666667,5.94045377429798,0.12227195611616182,0.03598484848484862,0.0862871076313132
13891,5812,2021.0,Terracciano F.,18.0,1,C,1.0,1.0,6.0,6.0,6.0,6.0,6.05,5.971751320612576,-0.028248679387424147,0.04999999999999982,-0.07824867938742397
13900,5813,2021.0,Miretti,17.0,6,C,2.0,2.0,6.0,6.0,6.0,6.0,6.0,5.940261612372963,-0.059738387627037426,0.0,-0.059738387627037426
13936,5823,2021.0,Baldanzi,18.0,1,C,1.0,1.0,6.0,6.0,6.0,6.0,6.576923076923077,5.953202689494947,-0.046797310505053424,0.5769230769230766,-0.6237203874281301
13945,5824,2021.0,Pafundi,15.0,1,C,1.0,1.0,6.0,6.0,6.0,6.0,5.9375,6.119115044838074,0.11911504483807356,-0.0625,0.18161504483807356
13990,5834,2021.0,Marcos Antonio,21.0,0,C,10.0,11.0,5.976190476190476,5.988516830294531,,6.143908898305085,6.1875,6.068649848406701,,,-0.11885015159329892
14035,5839,2021.0,Kvaratskhelia,20.0,0,C,18.0,18.0,5.976190476190476,5.988516830294531,,6.143908898305085,7.955882352941177,6.331362091137665,,,-1.6245202618035117
14080,5844,2021.0,Thorstvedt,22.0,0,C,9.0,9.0,5.976190476190476,5.988516830294531,,6.143908898305085,6.145161290322581,6.205532962031312,,,0.060371671708731256
14134,5850,2021.0,Lovric,23.0,0,C,6.0,6.0,5.976190476190476,5.988516830294531,,6.143908898305085,6.6891891891891895,6.0918991749019415,,,-0.5972900142872479
14179,5857,2021.0,Pickel,24.0,0,C,4.0,4.0,5.976190476190476,5.988516830294531,,6.143908898305085,5.636363636363637,5.942091600965484,,,0.30572796460184737
14188,5858,2021.0,Ferguson,21.0,0,C,5.0,5.0,5.976190476190476,5.988516830294531,,6.143908898305085,6.828125,6.2118833812343714,,,-0.6162416187656286
14206,5863,2021.0,Castagnetti,31.0,0,C,4.0,5.0,5.976190476190476,5.988516830294531,,6.143908898305085,5.888888888888889,5.968661829672791,,,0.07977294078390162
14233,5869,2021.0,Blin,24.0,0,C,2.0,2.0,5.976190476190476,5.988516830294531,,6.143908898305085,5.914285714285715,5.988790507591706,,,0.07450479330599169
14242,5870,2021.0,Hjulmand,22.0,0,C,6.0,7.0,5.976190476190476,5.988516830294531,,6.143908898305085,6.0285714285714285,5.971477520266628,,,-0.05709390830480032
14251,5872,2021.0,Helgason,20.0,0,C,1.0,1.0,5.976190476190476,5.988516830294531,,6.143908898305085,5.875,5.980283996126116,,,0.10528399612611583
14260,5875,2021.0,Adli,21.0,0,C,7.0,6.0,5.976190476190476,5.988516830294531,,6.143908898305085,5.666666666666667,6.099604754763832,,,0.43293808809716516
14287,5878,2021.0,Colpani,22.0,0,C,4.0,4.0,5.976190476190476,5.988516830294531,,6.143908898305085,6.555555555555555,6.162733227966932,,,-0.39282232758862357
14296,5879,2021.0,Vignato S.,17.0,0,C,1.0,1.0,5.976190476190476,5.988516830294531,,6.143908898305085,6.3,5.999554963654761,,,-0.30044503634523867
14305,5880,2021.0,Ciurria,26.0,0,C,3.0,3.0,5.976190476190476,5.988516830294531,,6.143908898305085,6.791666666666667,6.193161000868513,,,-0.5985056657981538
14332,5884,2021.0,Ranocchia F.,20.0,0,C,2.0,2.0,5.976190476190476,5.988516830294531,,6.143908898305085,6.321428571428571,6.040569673580868,,,-0.2808588978477031
14386,5947,2021.0,Hrustic,25.0,0,C,4.0,3.0,5.976190476190476,5.988516830294531,,6.143908898305085,5.5,6.0297973410894965,,,0.5297973410894965
14431,5995,2021.0,De Ketelaere,20.0,0,C,21.0,20.0,5.976190476190476,5.988516830294531,,6.143908898305085,5.78125,6.399265486638254,,,0.6180154866382539
14449,5998,2021.0,Zerbin,22.0,0,C,1.0,1.0,5.976190476190476,5.988516830294531,,6.143908898305085,5.85,6.216767541249905,,,0.3667675412499056
14458,5999,2021.0,Gonzalez J.,19.0,0,C,2.0,2.0,5.976190476190476,5.988516830294531,,6.143908898305085,5.9,5.959848586978499,,,0.059848586978498375
14485,6005,2021.0,Ilkhan,17.0,0,C,3.0,3.0,5.976190476190476,5.988516830294531,,6.143908898305085,5.875,6.025727150002089,,,0.1507271500020888
14494,6009,2021.0,Degli Innocenti,18.0,0,C,1.0,1.0,5.976190476190476,5.988516830294531,,6.143908898305085,6.0,5.943812137322062,,,-0.056187862677938405
14503,6010,2021.0,Fazzini,18.0,0,C,1.0,1.0,5.976190476190476,5.988516830294531,,6.143908898305085,5.833333333333333,5.95503415388078,,,0.12170082054744658
14521,6012,2021.0,Acella,24.0,0,C,1.0,1.0,5.976190476190476,5.988516830294531,,6.143908898305085,6.0,5.964561565703552,,,-0.035438434296447774
14539,6019,2021.0,D'Andrea,24.0,0,C,1.0,1.0,5.976190476190476,5.988516830294531,,6.143908898305085,6.2,5.978313086815884,,,-0.22168691318411593
14566,6024,2021.0,Sulemana I.,24.0,0,C,1.0,1.0,5.976190476190476,5.988516830294531,,6.143908898305085,5.8125,5.964561565703552,,,0.15206156570355223
14575,6025,2021.0,Vilhena,26.0,0,C,8.0,9.0,5.976190476190476,5.988516830294531,,6.143908898305085,6.181818181818182,6.061416714800589,,,-0.1204014670175928
14683,6054,2021.0,Moro N.,23.0,0,C,5.0,6.0,5.976190476190476,5.988516830294531,,6.143908898305085,6.288461538461538,5.995214992019803,,,-0.2932465464417353
14710,6058,2021.0,Camara Ma.,24.0,0,C,7.0,8.0,5.976190476190476,5.988516830294531,,6.143908898305085,5.866666666666666,5.975447766273528,,,0.10878109960686189
14728,6061,2021.0,Oudin,24.0,0,C,5.0,5.0,5.976190476190476,5.988516830294531,,6.143908898305085,6.225806451612903,6.23363223206831,,,0.007825780455407383
14746,6106,2021.0,Carboni V.,24.0,0,C,1.0,1.0,5.976190476190476,5.988516830294531,,6.143908898305085,6.0,5.978313086815884,,,-0.021686913184115753
14755,6112,2021.0,Iling Junior,17.0,0,C,1.0,1.0,5.976190476190476,5.988516830294531,,6.143908898305085,6.416666666666667,5.960559542722736,,,-0.45610712394393094
14773,6117,2021.0,Tahirovic,24.0,0,C,1.0,1.0,5.976190476190476,5.988516830294531,,6.143908898305085,5.954545454545454,5.964561565703552,,,0.010016111158098084
14818,6131,2021.0,Paoletti,24.0,0,C,1.0,1.0,5.976190476190476,5.988516830294531,,6.143908898305085,5.833333333333333,5.964561565703552,,,0.1312282323702192
14845,6142,2021.0,Cipot,24.0,0,C,1.0,1.0,5.976190476190476,5.988516830294531,,6.143908898305085,6.0,5.97578358226227,,,-0.024216417737729756
14899,6157,2021.0,Malagrida,24.0,0,C,1.0,1.0,5.976190476190476,5.988516830294531,,6.143908898305085,5.833333333333333,5.978313086815884,,,0.1449797534825512
14917,6162,2021.0,Abildgaard,25.0,0,C,3.0,3.0,5.976190476190476,5.988516830294531,,6.143908898305085,5.653846153846154,5.975243960248266,,,0.32139780640211146
14935,6170,2021.0,Gineitis,24.0,0,C,1.0,1.0,5.976190476190476,5.988516830294531,,6.143908898305085,5.666666666666667,5.964561565703552,,,0.29789489903688526
14953,6175,2021.0,Barrenechea,24.0,0,C,1.0,1.0,5.976190476190476,5.988516830294531,,6.143908898305085,5.5,5.964561565703552,,,0.4645615657035522
537,90,2021.0,Lasagna,28.0,28,A,11.0,10.0,5.928571428571429,5.880597014925373,6.232142857142857,6.465174129353234,5.903846153846154,6.378945317033498,0.14680245989064122,-0.3282967032967026,0.4750991631873438
1140,186,2021.0,Rebic,27.0,24,A,14.0,14.0,6.0625,6.0989010989010985,6.354166666666667,6.917582417582418,6.282608695652174,6.431079744213572,0.07691307754690513,-0.07155797101449313,0.14847104856139826
1311,212,2021.0,Ciofani D,36.0,0,A,1.0,1.0,6.0,5.920289855072464,,6.557971014492754,6.71875,6.282000072552531,,,-0.4367499274474689
1329,215,2021.0,Verde,25.0,33,A,18.0,18.0,6.287878787878788,6.0777777777777775,7.075757575757576,6.677777777777778,6.28,6.5758124689439565,-0.4999451068136196,-0.7957575757575759,0.2958124689439563
1977,309,2021.0,Dybala,27.0,29,A,29.0,29.0,6.344827586206897,6.373809523809523,7.396551724137931,7.642857142857143,8.24,7.211564072347215,-0.1849876517907152,0.8434482758620696,-1.0284359276527848
2508,383,2021.0,Petagna,26.0,24,A,15.0,14.0,6.020833333333333,6.064864864864865,6.416666666666667,6.762162162162162,6.564516129032258,6.458393549376722,0.04172688271005498,0.14784946236559104,-0.10612257965553606
2688,407,2021.0,Gabbiadini,29.0,18,A,15.0,15.0,6.166666666666667,6.0578512396694215,7.194444444444445,6.867768595041323,6.428571428571429,6.563651482389584,-0.6307929620548602,-0.7658730158730158,0.13508005381815558
2913,441,2021.0,Belotti,27.0,22,A,16.0,15.0,6.204545454545454,6.241379310344827,7.318181818181818,7.454741379310345,5.82258064516129,6.701094713052496,-0.6170871051293227,-1.4956011730205283,0.8785140678912056
3128,472,2021.0,Destro,30.0,27,A,18.0,16.0,6.018518518518518,5.952662721893491,6.981481481481482,6.727810650887574,5.911764705882353,6.526065123228057,-0.45541635825342475,-1.0697167755991286,0.6143004173457038
3173,479,2021.0,Sanabria,25.0,29,A,21.0,21.0,6.155172413793103,6.0060975609756095,6.758620689655173,6.695121951219512,7.409090909090909,6.532788511811723,-0.22583217784344978,0.6504702194357366,-0.8763023972791864
3308,495,2021.0,Correa,26.0,26,A,16.0,16.0,6.0576923076923075,6.094405594405594,6.75,6.741258741258742,6.3076923076923075,6.684762613420766,-0.06523738657923417,-0.4423076923076925,0.37707030572845834
3362,505,2021.0,Bonazzoli,24.0,32,A,14.0,14.0,6.21875,6.095505617977528,7.0625,6.685393258426966,6.3125,6.52726334595869,-0.5352366540413103,-0.75,0.21476334595868973
3380,507,2021.0,Muriel,30.0,27,A,26.0,26.0,6.351851851851852,6.290502793296089,7.62962962962963,7.58659217877095,6.362068965517241,7.076653488879874,-0.552976140749756,-1.2675606641123887,0.7145845233626327
3569,531,2021.0,Berardi,26.0,33,A,35.0,35.0,6.712121212121212,6.269047619047619,8.333333333333334,7.242857142857143,7.9423076923076925,7.116730459549354,-1.2166028737839802,-0.3910256410256414,-0.8255772327583388
3614,537,2021.0,Sansone,29.0,27,A,6.0,6.0,6.0,6.003623188405797,6.222222222222222,6.336956521739131,6.944444444444445,6.16778668072621,-0.05443554149601226,0.7222222222222223,-0.7766577637182346
3830,568,2021.0,Quagliarella,38.0,33,A,10.0,10.0,5.909090909090909,6.082978723404255,6.303030303030303,7.25531914893617,6.108695652173913,6.320723390069121,0.017693087038818334,-0.19433465085638968,0.212027737895208
4073,608,2021.0,Zapata D.,30.0,24,A,32.0,32.0,6.375,6.2704545454545455,7.729166666666667,7.659090909090909,6.26,7.345730706927177,-0.3834359597394901,-1.4691666666666672,1.085730706927177
4316,643,2021.0,Defrel,30.0,38,A,8.0,8.0,5.881578947368421,5.9438775510204085,6.052631578947368,6.573979591836735,5.962962962962963,6.185207406562726,0.1325758276153577,-0.08966861598440534,0.22224444359976303
4352,647,2021.0,Dzeko,35.0,36,A,16.0,15.0,6.277777777777778,6.225531914893617,7.5,7.504255319148936,7.0606060606060606,6.909243569812571,-0.5907564301874286,-0.43939393939393945,-0.15136249079348918
5000,785,2021.0,Immobile,31.0,31,A,42.0,42.0,6.596774193548387,6.373873873873874,9.016129032258064,8.42117117117117,7.387096774193548,7.600967406656504,-1.4151616256015602,-1.629032258064516,0.2138706324629558
5351,1857,2021.0,Di Francesco F.,27.0,26,A,12.0,12.0,6.115384615384615,6.048672566371682,6.653846153846154,6.415929203539823,6.083333333333333,6.443254154203133,-0.21059199964302078,-0.5705128205128212,0.3599208208698004
5810,1943,2021.0,Nestorovski,25.0,7,A,11.0,10.0,6.142857142857143,5.882978723404255,6.5,6.409574468085107,6.238095238095238,6.237356180259643,-0.2626438197403571,-0.26190476190476186,-0.0007390578355952471
5918,1958,2021.0,Caprari,28.0,35,A,26.0,26.0,6.5285714285714285,6.048648648648649,7.7,6.7,6.391891891891892,6.9993027564097385,-0.7006972435902616,-1.308108108108108,0.6074108645178464
6107,1998,2021.0,Pjaca,26.0,24,A,9.0,9.0,5.958333333333333,5.853260869565218,6.333333333333333,6.103260869565218,5.852941176470588,6.240753201204066,-0.09258013212926741,-0.48039215686274517,0.38781202473347776
6206,2012,2021.0,Milik,27.0,0,A,21.0,20.0,6.0,6.091397849462366,,7.274193548387097,6.7407407407407405,6.549033811506902,,,-0.19170692923383825
6269,2038,2021.0,Pinamonti,22.0,36,A,23.0,23.0,6.152777777777778,5.929245283018868,7.208333333333333,6.59433962264151,6.0625,6.848135427696777,-0.3601979056365563,-1.145833333333333,0.7856354276967767
6359,2061,2021.0,Simeone,26.0,36,A,25.0,25.0,6.166666666666667,5.920930232558139,7.5,6.8534883720930235,6.64,6.892113334025936,-0.607886665974064,-0.8600000000000003,0.2521133340259363
6629,2097,2021.0,Kean,21.0,32,A,15.0,14.0,5.96875,5.962686567164179,6.421875,6.619402985074627,6.428571428571429,6.4860358410956085,0.06416084109560849,0.006696428571428825,0.057464412524179664
6647,2103,2021.0,Pellegri,20.0,15,A,12.0,11.0,5.933333333333334,6.0,6.1,6.4375,6.305555555555555,6.287863291664467,0.1878632916644669,0.2055555555555557,-0.0176922638910888
6782,2119,2021.0,Deulofeu,27.0,34,A,24.0,24.0,6.514705882352941,6.34375,7.676470588235294,7.2109375,7.0,7.102312303477111,-0.574158284758183,-0.6764705882352944,0.1023123034771114
7878,2325,2021.0,Karamoh,23.0,0,A,4.0,4.0,6.0,5.845454545454546,,6.072727272727272,6.595238095238095,6.172652251579035,,,-0.4225858436590597
8004,2369,2021.0,Thauvin,28.0,0,A,18.0,18.0,6.0,6.0,,6.660377358490566,5.75,6.4635158816151534,,,0.7135158816151534
8031,2382,2021.0,Di Maria,33.0,0,A,26.0,26.0,6.0,6.0,,6.660377358490566,6.6923076923076925,6.875058467477148,,,0.18275077516945526
8112,2438,2021.0,Jovic,23.0,0,A,24.0,24.0,6.0,6.0,,6.660377358490566,6.483870967741935,6.712978269452945,,,0.2291073017110099
8139,2466,2021.0,Origi,26.0,0,A,17.0,17.0,6.0,6.0,,6.660377358490566,6.037037037037037,6.452501737175388,,,0.4154647001383509
8184,2489,2021.0,Pedro,34.0,32,A,19.0,19.0,6.25,6.084745762711864,7.140625,6.813559322033898,6.527777777777778,6.584223190712892,-0.5564018092871077,-0.6128472222222223,0.056445412935114625
8229,2530,2021.0,Ibrahimovic,39.0,23,A,13.0,13.0,6.326086956521739,6.366666666666666,7.195652173913044,7.791666666666667,6.5,6.667837203016602,-0.5278149708964417,-0.6956521739130439,0.1678372030166022
8238,2531,2021.0,Lukaku,28.0,0,A,39.0,39.0,6.0,6.513888888888889,,8.569444444444445,7.66,7.094865714458977,,,-0.5651342855410233
8265,2544,2021.0,Abraham,23.0,37,A,33.0,33.0,6.256756756756757,6.256756756756757,7.621621621621622,7.621621621621622,6.855263157894737,7.484419199075346,-0.13720242254627557,-0.7663584637268848,0.6291560411806092
8643,2719,2021.0,Barrow,22.0,34,A,17.0,17.0,6.0588235294117645,6.049618320610687,6.764705882352941,6.770992366412214,6.328125,6.7159455307852065,-0.04876035156773462,-0.4365808823529411,0.3878205307852065
8832,2756,2021.0,Piatek,26.0,14,A,15.0,14.0,5.964285714285714,6.065217391304348,6.392857142857143,7.239130434782609,6.2727272727272725,6.443505780532378,0.050648637675235086,-0.12012987012987075,0.17077850780510584
8877,2762,2021.0,Kouame',23.0,0,A,9.0,9.0,6.0,6.01123595505618,,6.432584269662922,6.625,6.3085196287114025,,,-0.3164803712885975
8886,2764,2021.0,Martinez L.,23.0,35,A,34.0,34.0,6.357142857142857,6.288888888888889,7.9,7.488888888888889,8.105263157894736,7.4738396261856845,-0.4261603738143158,0.20526315789473593,-0.6314235317090517
9228,2819,2021.0,Caputo,33.0,38,A,21.0,21.0,6.0,6.124087591240876,6.881578947368421,7.423357664233577,6.444444444444445,6.595932837494191,-0.28564610987423045,-0.4371345029239766,0.15148839304974615
9246,2826,2021.0,Pussetto,25.0,28,A,5.0,6.0,5.946428571428571,5.97093023255814,6.375,6.372093023255814,5.6,6.368864484247883,-0.006135515752117016,-0.7750000000000004,0.7688644842478833
9264,2832,2021.0,Boga,24.0,27,A,13.0,15.0,5.925925925925926,6.053097345132743,6.0,6.584070796460177,6.673913043478261,6.409401570970818,0.4094015709708181,0.6739130434782608,-0.26451147250744267
9318,2841,2021.0,Vlahovic,21.0,36,A,40.0,40.0,6.402777777777778,6.18141592920354,8.347222222222221,7.504424778761062,7.074074074074074,7.619870807798948,-0.7273514144232731,-1.273148148148147,0.5457967337248739
9606,4179,2021.0,Gonzalez N.,23.0,33,A,20.0,20.0,6.348484848484849,6.348484848484849,7.106060606060606,7.106060606060606,6.791666666666667,6.825724165889145,-0.2803364401714612,-0.31439393939393945,0.03405749922247825
9624,4184,2021.0,Brekalo,23.0,32,A,16.0,16.0,6.078125,6.078125,6.78125,6.78125,6.0,6.509433288768469,-0.27181671123153084,-0.78125,0.5094332887684692
9660,4200,2021.0,Giroud,34.0,29,A,28.0,28.0,6.258620689655173,6.258620689655173,7.431034482758621,7.431034482758621,7.424242424242424,7.065627829893102,-0.3654066528655191,-0.00679205851619713,-0.35861459434932197
9750,4268,2021.0,Arnautovic,32.0,33,A,27.0,26.0,6.2727272727272725,6.2727272727272725,7.393939393939394,7.393939393939394,7.738095238095238,7.035009862996592,-0.35892953094280156,0.34415584415584455,-0.7030853750986461
10038,4359,2021.0,Piccoli,20.0,17,A,13.0,12.0,5.852941176470588,5.9375,6.029411764705882,6.3875,6.175,6.240935248189994,0.21152348348411198,0.14558823529411757,0.06593524818999441
10110,4371,2021.0,Raspadori,21.0,36,A,20.0,20.0,6.069444444444445,6.128378378378378,6.888888888888889,6.844594594594595,6.1923076923076925,6.656688962408365,-0.2321999264805239,-0.6965811965811968,0.46438127010067287
10524,4436,2021.0,Cambiaghi,20.0,0,A,6.0,6.0,6.0,6.0,,6.660377358490566,6.803571428571429,6.264617948210077,,,-0.5389534803613518
10893,4510,2021.0,Rafael Leao,22.0,34,A,31.0,31.0,6.632352941176471,6.252631578947368,7.838235294117647,7.110526315789474,7.8428571428571425,7.270249819522711,-0.567985474594936,0.004621848739495782,-0.5726073233344318
10947,4517,2021.0,Lozano,26.0,30,A,18.0,18.0,6.116666666666666,6.130681818181818,6.733333333333333,6.846590909090909,6.390625,6.772280093843501,0.03894676051016788,-0.3427083333333334,0.38165509384350127
11073,4661,2021.0,Osimhen,22.0,27,A,35.0,35.0,6.481481481481482,6.411764705882353,7.981481481481482,7.794117647058823,9.140625,7.346789630224862,-0.63469185125662,1.1591435185185182,-1.7938353697751381
11145,4730,2021.0,Lookman,23.0,0,A,13.0,15.0,6.0,6.0,,6.660377358490566,7.854838709677419,6.487436373499772,,,-1.3674023361776468
11487,4923,2021.0,Colombo,19.0,0,A,7.0,6.0,6.0,5.9,,5.9,6.287878787878788,6.266814598933041,,,-0.02106418894574702
12018,5071,2021.0,Jese',28.0,0,A,8.0,8.0,6.0,6.0,,6.660377358490566,6.409090909090909,6.368236817601172,,,-0.040854091489737066
12027,5086,2021.0,Zirkzee,20.0,0,A,7.0,7.0,6.0,5.625,,5.625,6.421052631578948,6.251857654857448,,,-0.1691949767215002
12126,5292,2021.0,Lammers,24.0,2,A,15.0,14.0,6.0,5.970588235294118,6.0,6.323529411764706,6.0,6.244676746359392,0.24467674635939218,0.0,0.24467674635939218
12207,5311,2021.0,Shomurodov,26.0,28,A,12.0,11.0,6.071428571428571,6.11864406779661,6.5,6.737288135593221,5.9523809523809526,6.522233238604237,0.02223323860423676,-0.5476190476190474,0.5698522862232842
12351,5336,2021.0,Nzola,24.0,21,A,14.0,13.0,5.904761904761905,6.076086956521739,6.190476190476191,6.934782608695652,7.387096774193548,6.298549173934162,0.108072983457971,1.1966205837173574,-1.0885476002593863
12540,5394,2021.0,Gaich,22.0,0,A,4.0,3.0,6.0,5.7,,6.066666666666666,6.09375,6.145767091662241,,,0.052017091662240666
12549,5395,2021.0,Braaf,25.0,0,A,1.0,2.0,6.0,6.125,,6.875,5.5,6.172477877955303,,,0.6724778779553029
12693,5436,2021.0,Raimondo,17.0,1,A,1.0,1.0,6.0,6.0,6.0,6.0,6.0,6.098443731364644,0.09844373136464402,0.0,0.09844373136464402
12711,5439,2021.0,Kallon,20.0,15,A,2.0,2.0,5.9,5.9375,5.866666666666666,5.90625,6.0,6.067774549248493,0.20110788258182666,0.13333333333333375,0.06777454924849291
12837,5460,2021.0,Satriano,20.0,4,A,14.0,13.0,6.0,6.0,6.0,6.0,6.048387096774194,6.3780208380000705,0.37802083800007047,0.04838709677419395,0.3296337412258765
12891,5471,2021.0,Djuric,31.0,33,A,11.0,10.0,6.045454545454546,6.045454545454546,6.53030303030303,6.53030303030303,6.035714285714286,6.419395074416103,-0.11090795588692703,-0.4945887445887447,0.38368078870181765
13044,5500,2021.0,Cancellieri,19.0,12,A,7.0,7.0,6.041666666666667,6.041666666666667,6.25,6.25,5.85,6.085270787903779,-0.16472921209622093,-0.40000000000000036,0.23527078790377942
13152,5512,2021.0,De Luca,23.0,0,A,4.0,4.0,6.0,6.0,,6.660377358490566,5.75,6.4060597364531375,,,0.6560597364531375
13179,5515,2021.0,Okereke,23.0,32,A,13.0,13.0,5.921875,5.921875,6.46875,6.46875,6.515151515151516,6.525231731921224,0.056481731921223854,0.04640151515151558,0.010080216769708272
13269,5529,2021.0,Henry,26.0,33,A,18.0,16.0,6.0,6.0,6.666666666666667,6.666666666666667,6.15625,6.503968158801656,-0.16269850786501117,-0.510416666666667,0.3477181588016558
13341,5672,2021.0,Dia,24.0,0,A,17.0,16.0,6.0,6.0,,6.660377358490566,7.818181818181818,6.590128451704621,,,-1.228053366477197
13377,5676,2021.0,Success,25.0,22,A,13.0,13.0,6.2272727272727275,6.2272727272727275,6.704545454545454,6.704545454545454,6.166666666666667,6.323208704509045,-0.3813367500364091,-0.5378787878787872,0.15654203784237808
13476,5694,2021.0,Beto,23.0,28,A,24.0,24.0,6.107142857142857,6.107142857142857,7.267857142857143,7.267857142857143,6.96969696969697,6.778734048712809,-0.4891230941443343,-0.2981601731601735,-0.1909629209841608
13575,5728,2021.0,Afena-Gyan,18.0,17,A,8.0,8.0,5.882352941176471,5.882352941176471,6.088235294117647,6.088235294117647,5.586956521739131,6.205720427685603,0.11748513356795609,-0.5012787723785159,0.618763905946472
13584,5734,2021.0,Soule',18.0,2,A,1.0,1.0,6.0,6.0,6.0,6.0,6.3076923076923075,6.137892729435395,0.13789272943539466,0.3076923076923075,-0.16979957825691283
13736,5786,2021.0,Cabral,23.0,14,A,19.0,18.0,6.0,6.0,6.464285714285714,6.464285714285714,6.982142857142857,6.541127333164537,0.07684161887882279,0.5178571428571423,-0.44101552397831956
13864,5806,2021.0,Seck,20.0,6,A,3.0,3.0,6.0,6.0,6.0,6.0,6.026315789473684,6.14202224245503,0.14202224245503015,0.02631578947368407,0.11570645298134608
14008,5836,2021.0,Ceesay,27.0,0,A,10.0,10.0,6.0,6.0,,6.660377358490566,6.470588235294118,6.424486190028501,,,-0.046102045265616454
14017,5837,2021.0,Voelkerling Persson,25.0,0,A,1.0,1.0,6.0,6.0,,6.660377358490566,5.944444444444445,6.183335473492589,,,0.23889102904814408
14062,5842,2021.0,Botheim,25.0,0,A,13.0,12.0,6.0,6.0,,6.660377358490566,6.089285714285714,6.299289788162891,,,0.2100040738771769
14071,5843,2021.0,Valencia D.,25.0,0,A,2.0,2.0,6.0,6.0,,6.660377358490566,5.791666666666667,6.171197035733503,,,0.3795303690668357
14089,5845,2021.0,Alvarez A.,25.0,0,A,14.0,13.0,6.0,6.0,,6.660377358490566,6.136363636363637,6.299289788162891,,,0.16292615179925463
14161,5854,2021.0,Tsadjout,22.0,0,A,8.0,7.0,6.0,6.0,,6.660377358490566,6.4,6.2632980146539605,,,-0.13670198534603983
14215,5864,2021.0,Buonaiuto,28.0,0,A,7.0,7.0,6.0,6.0,,6.660377358490566,6.017241379310345,6.296840225894685,,,0.27959884658433953
14314,5881,2021.0,Gytkjaer,31.0,0,A,4.0,4.0,6.0,6.0,,6.660377358490566,5.818181818181818,6.304915214672829,,,0.4867333964910108
14323,5882,2021.0,Mota,23.0,0,A,10.0,10.0,6.0,6.0,,6.660377358490566,6.637931034482759,6.381769500834707,,,-0.2561615336480516
14467,6001,2021.0,Banda,20.0,0,A,5.0,5.0,6.0,6.0,,6.660377358490566,6.152777777777778,6.095759050770688,,,-0.05701872700708943
14584,6026,2021.0,Dessers,26.0,0,A,17.0,16.0,6.0,6.0,,6.660377358490566,6.615384615384615,6.517059711493145,,,-0.09832490389146997
14674,6052,2021.0,Hojlund,18.0,0,A,8.0,7.0,6.0,6.0,,6.660377358490566,7.0,6.319826686832467,,,-0.6801733131675327
14719,6060,2021.0,Lauriente',22.0,0,A,14.0,14.0,6.0,6.0,,6.660377358490566,7.178571428571429,6.61428306039179,,,-0.5642883681796391
14764,6113,2021.0,Montevago,18.0,0,A,1.0,1.0,6.0,6.0,,6.660377358490566,5.666666666666667,6.094856544047379,,,0.4281898773807118
14791,6119,2021.0,Solbakken,25.0,0,A,10.0,10.0,6.0,6.0,,6.660377358490566,6.25,6.232799736279174,,,-0.017200263720826392
14854,6143,2021.0,Krollis,25.0,0,A,1.0,1.0,6.0,6.0,,6.660377358490566,6.0,6.183335473492589,,,0.18333547349258872
14863,6145,2021.0,Ngonge,21.0,0,A,3.0,3.0,6.0,6.0,,6.660377358490566,6.678571428571429,6.338687402489559,,,-0.33988402608186963
14908,6160,2021.0,Vivaldo,25.0,0,A,1.0,1.0,6.0,6.0,,6.660377358490566,6.0,6.183335473492589,,,0.18333547349258872
14944,6172,2021.0,Vorlicky,25.0,0,A,1.0,1.0,6.0,6.0,,6.660377358490566,6.0,6.171197035733503,,,0.17119703573350264
