,id,Nome,Et√†,Presenze,Ruolo Anno Successivo,Quotazione Iniziale Anno Successivo,Quotazione Iniziale Mantra Anno Successivo,Fantavoto Media,Fantavoto Media Reale Anno Successivo,Fantavoto Media Predetta Anno Successivo,Differenza Predetta Fantavoto Media Anno Successivo,Differenza Reale Fantavoto Media Anno Successivo,Errore Predizione
16,4,Sportiello,29.0,5.0,P,1.0,1.0,5.7,4.866666666666666,5.696156128440831,-0.0038438715591695427,-0.8333333333333339,0.8294894617741644
132,41,Mirante,38.0,0.0,P,1.0,1.0,,7.0,5.04710062390575,,,-1.9528993760942503
137,42,Sarr M,24.0,0.0,P,1.0,1.0,,5.25,4.014447417179508,,,-1.2355525828204916
419,133,Skorupski,30.0,36.0,P,11.0,11.0,5.125,5.162162162162162,5.086026600666566,-0.038973399333434244,0.03716216216216228,-0.07613556149559653
539,159,Sepe,30.0,16.0,P,8.0,8.0,4.71875,5.323529411764706,5.205783899993779,0.48703389999377933,0.6047794117647056,-0.11774551177092629
546,160,Tatarusanu,35.0,6.0,P,1.0,1.0,5.0,4.875,5.030373852691945,0.03037385269194459,-0.125,0.1553738526919446
729,218,Perin,28.0,5.0,P,1.0,1.0,4.9,6.590909090909091,5.147084686231514,0.24708468623151347,1.6909090909090905,-1.443824404677577
735,220,Ujkani,33.0,0.0,P,1.0,1.0,,4.5,4.3906546653144,,,-0.10934533468560037
857,250,Handanovic,37.0,37.0,P,16.0,16.0,5.743243243243243,5.178571428571429,5.586965255587769,-0.15627798765547407,-0.5646718146718142,0.4083938270163401
1160,318,Marchetti,38.0,0.0,P,1.0,1.0,,3.5,4.2065456349206345,,,0.7065456349206345
1682,453,Szczesny,31.0,33.0,P,16.0,16.0,5.848484848484849,5.714285714285714,5.631548030728939,-0.21693681775590967,-0.1341991341991342,-0.08273768355677547
1911,509,Consigli,34.0,37.0,P,11.0,11.0,4.702702702702703,4.728571428571429,4.876360095123964,0.17365739242126121,0.025868725868726017,0.1477886665525352
1920,510,Pegolo,40.0,1.0,P,1.0,1.0,3.0,4.75,4.95687007630729,1.9568700763072897,1.75,0.2068700763072897
1922,511,Perilli,26.0,0.0,P,1.0,1.0,,7.5,4.723338327867196,,,-2.7766616721328043
2188,572,Meret,24.0,7.0,P,14.0,14.0,5.428571428571429,6.029411764705882,5.385647777995034,-0.04292365057639458,0.6008403361344534,-0.643763986710848
2305,610,Gollini,26.0,0.0,P,12.0,12.0,,5.785714285714286,4.983553716436316,,,-0.8021605692779694
2536,673,Perisan,23.0,0.0,P,1.0,1.0,,5.214285714285714,3.580094405312839,,,-1.6341913089728752
2674,761,Audero,24.0,29.0,P,10.0,10.0,4.741379310344827,5.04,5.074151182122225,0.332771871777398,0.29862068965517263,0.03415118212222534
2817,799,Bardi,29.0,2.0,P,1.0,1.0,5.75,7.0,3.9715598683093476,-1.7784401316906524,1.25,-3.0284401316906524
2895,1843,Radu I,24.0,1.0,P,0.0,0.0,2.0,4.111111111111111,6.445690081345217,4.445690081345217,2.1111111111111107,2.334578970234106
3042,1889,Cordaz,38.0,0.0,P,1.0,1.0,,8.0,4.118657187758608,,,-3.8813428122413924
3104,1917,Dragowski,23.0,7.0,P,7.0,7.0,5.714285714285714,4.985294117647059,5.2792107558013655,-0.43507495848434896,-0.7289915966386555,0.2939166381543066
3176,1947,Fiorillo,31.0,1.0,P,1.0,1.0,1.0,4.0,4.8540523951181225,3.8540523951181225,3.0,0.8540523951181225
3662,2134,Falcone,26.0,10.0,P,5.0,5.0,5.25,5.25,5.245737412907123,-0.00426258709287719,0.0,-0.00426258709287719
3775,2170,Milinkovic-Savic V.,24.0,27.0,P,1.0,1.0,5.0,5.184210526315789,4.977581188708274,-0.022418811291726293,0.18421052631578938,-0.20662933760751567
3807,2178,Cragno,27.0,0.0,P,11.0,11.0,,2.0,4.620388277423489,,,2.620388277423489
3814,2179,Sirigu,34.0,37.0,P,1.0,1.0,4.905405405405405,7.5,5.149130728579098,0.24372532317369267,2.5945945945945947,-2.350869271420902
3927,2211,Silvestri,30.0,35.0,P,10.0,10.0,4.928571428571429,5.2368421052631575,4.951471974567486,0.022900545996057176,0.3082706766917287,-0.2853701306956715
4074,2294,Cerofolini,22.0,0.0,P,1.0,1.0,,5.9,4.246750871263169,,,-1.6532491287368316
4089,2297,Rossi F,30.0,1.0,P,1.0,1.0,5.0,7.0,5.259446360166009,0.25944636016600864,2.0,-1.7405536398339914
4628,2792,Musso,27.0,33.0,P,13.0,13.0,5.03030303030303,5.229166666666667,5.106520697156085,0.07621766685305431,0.1988636363636367,-0.12264596951058238
4668,2814,Provedel,27.0,31.0,P,7.0,7.0,4.709677419354839,6.0131578947368425,4.955417044187552,0.24573962483271306,1.3034804753820035,-1.0577408505492905
4674,2815,Terracciano,31.0,32.0,P,1.0,1.0,5.0,4.948275862068965,4.968660285204981,-0.031339714795018736,-0.0517241379310347,0.02038442313601596
4875,4270,Rui Patricio,33.0,38.0,P,14.0,14.0,5.4868421052631575,5.442857142857143,5.098122063730166,-0.38872004153299144,-0.04398496240601446,-0.344735079126977
4898,4312,Maignan,26.0,32.0,P,18.0,18.0,6.15625,5.704545454545454,5.574191006689932,-0.5820589933100679,-0.45170454545454586,-0.13035444785552208
5163,4431,Carnesecchi,21.0,0.0,P,1.0,1.0,,4.777777777777778,4.774220576343476,,,-0.0035572014343019376
5325,4518,Russo A,27.0,0.0,P,1.0,1.0,,2.0,3.4285487012987006,,,1.4285487012987006
5575,4957,Montipo',25.0,34.0,P,11.0,11.0,4.8088235294117645,4.797297297297297,5.0338404671891634,0.22501693777739895,-0.011526232114467128,0.23654316989186608
5593,4964,Vicario,24.0,38.0,P,9.0,9.0,4.907894736842105,5.419354838709677,4.765529455330225,-0.14236528151188033,0.5114601018675717,-0.6538253833794521
5620,4977,Ravaglia,32.0,1.0,P,1.0,1.0,5.0,3.5555555555555554,5.054938645222051,0.05493864522205083,-1.4444444444444446,1.4993830896664955
5687,5005,Zoet,30.0,7.0,P,1.0,1.0,3.5,5.7,5.190976306784416,1.6909763067844157,2.2,-0.5090236932155845
6093,5528,Zovko,19.0,1.0,P,1.0,1.0,7.0,3.5,5.148953253302958,-1.8510467466970422,-3.5,1.6489532533029578
6305,5830,Onana,25.0,0.0,P,1.0,1.0,,5.375,4.1823263164089495,,,-1.1926736835910505
6309,5832,Luis Maximiano,22.0,0.0,P,12.0,12.0,,4.0,5.0729830747506615,,,1.0729830747506615
6327,5841,Svilar,21.0,0.0,P,1.0,1.0,,5.166666666666667,4.529662590731113,,,-0.637004075935554
6377,5876,Di Gregorio,24.0,0.0,P,1.0,1.0,,5.256756756756757,5.031550741444786,,,-0.22520601531197126
6492,6120,Ochoa,36.0,0.0,P,2.0,2.0,,5.15,4.773149669869417,,,-0.37685033013058344
6497,6135,Turk,17.0,0.0,P,1.0,1.0,,4.125,4.737837875525376,,,0.6128378755253756
31,11,Conti,27.0,8.0,D,3.0,3.0,6.3125,6.0,5.962345199853716,-0.3501548001462842,-0.3125,-0.037654800146284195
147,45,Ferrari A.,27.0,23.0,D,5.0,5.0,5.760869565217392,5.607142857142857,5.80153342461448,0.040663859397088054,-0.1537267080745348,0.19439056747162287
163,49,Masina,27.0,0.0,D,6.0,7.0,,6.285714285714286,5.882695704197887,,,-0.4030185815163989
180,52,Oikonomou,28.0,0.0,D,2.0,2.0,,5.583333333333333,5.799590636659454,,,0.21625730332612125
248,76,Romagnoli S,31.0,19.0,D,3.0,3.0,6.026315789473684,5.785714285714286,5.78135413051519,-0.24496165895849398,-0.24060150375939848,-0.0043601551990954945
268,84,Marrone,31.0,0.0,D,4.0,4.0,,5.75,5.796241264963313,,,0.04624126496331282
373,118,Radovanovic,32.0,14.0,D,0.0,0.0,5.964285714285714,5.25,5.86178482650348,-0.10250088778223443,-0.7142857142857144,0.61178482650348
439,139,Dermaku,29.0,0.0,D,4.0,4.0,,5.5,5.7929477978966695,,,0.29294779789666947
448,140,Hysaj,27.0,29.0,D,6.0,6.0,5.706896551724138,6.044117647058823,5.892287749673149,0.18539119794901104,0.3372210953346855,-0.15182989738567443
464,142,Mario Rui,30.0,34.0,D,9.0,9.0,6.073529411764706,6.25,6.073702817282407,0.00017340551770139712,0.17647058823529438,-0.17629718271759298
473,144,Tonelli,31.0,14.0,D,1.0,1.0,5.25,5.5,5.835340731227339,0.5853407312273387,0.25,0.33534073122733865
758,226,Izzo,29.0,11.0,D,3.0,3.0,5.681818181818182,5.966666666666667,5.803443960881535,0.12162577906335326,0.28484848484848513,-0.16322270578513187
821,244,Ghiglione,24.0,13.0,D,5.0,5.0,5.653846153846154,6.0,5.889404114499614,0.2355579606534599,0.3461538461538458,-0.1105958855003859
869,252,Biraghi,28.0,37.0,D,13.0,13.0,6.108108108108108,6.181818181818182,6.234955587001671,0.12684747889356274,0.07371007371007376,0.05313740518348897
878,253,D'Ambrosio,32.0,20.0,D,8.0,9.0,6.325,5.966666666666667,5.986742675057975,-0.3382573249420249,-0.3583333333333334,0.02007600839130852
886,254,Dimarco,23.0,32.0,D,8.0,9.0,6.265625,6.696969696969697,6.2449795171288764,-0.020645482871123555,0.43134469696969724,-0.4519901798408208
898,256,Juan Jesus,30.0,21.0,D,7.0,7.0,6.0476190476190474,6.2,5.880993707733838,-0.16662533988520956,0.15238095238095273,-0.3190062922661623
910,259,Murillo,29.0,0.0,D,3.0,3.0,,5.375,5.832033263985023,,,0.4570332639850232
923,261,Ranocchia,33.0,6.0,D,0.0,0.0,5.833333333333333,5.5,5.8528788442309505,0.01954551089761747,-0.33333333333333304,0.3528788442309505
963,272,Medel,33.0,33.0,D,7.0,7.0,5.712121212121212,5.896551724137931,5.840686663370314,0.12856545124910213,0.18443051201671867,-0.05586506076761655
1020,286,Bonucci,34.0,24.0,D,15.0,15.0,6.75,6.0,6.2180766614997625,-0.5319233385002375,-0.75,0.21807666149976246
1054,294,Rugani,27.0,12.0,D,5.0,5.0,5.875,6.0,5.805592970295537,-0.06940702970446289,0.125,-0.19440702970446289
1175,322,De Vrij,29.0,30.0,D,10.0,10.0,5.7,5.981481481481482,6.006153941756111,0.30615394175611055,0.28148148148148167,0.024672460274628882
1199,327,Patric,28.0,24.0,D,5.0,5.0,5.75,6.083333333333333,5.858103950015161,0.1081039500151606,0.33333333333333304,-0.22522938331817244
1209,329,Radu,34.0,10.0,D,2.0,2.0,5.55,6.0,5.842537003140662,0.2925370031406622,0.4500000000000002,-0.15746299685933796
1312,357,Calabria,24.0,26.0,D,13.0,13.0,6.423076923076923,6.08,6.153952896943522,-0.2691240261334009,-0.3430769230769233,0.07395289694352236
1321,358,De Sciglio,28.0,20.0,D,6.0,7.0,6.2,5.764705882352941,5.993014586039277,-0.206985413960723,-0.43529411764705905,0.22830870368633605
1467,393,Luperto,24.0,24.0,D,5.0,6.0,5.645833333333333,6.013888888888889,5.8120907375669075,0.1662574042335745,0.36805555555555625,-0.20179815132198176
1712,460,Romagnoli,26.0,19.0,D,11.0,11.0,6.0,6.294117647058823,6.029874599164959,0.029874599164958937,0.2941176470588234,-0.26424304789386444
1730,464,Florenzi,30.0,24.0,D,7.0,7.0,6.3125,5.833333333333333,6.0541816752761255,-0.2583183247238745,-0.47916666666666696,0.22084834194279246
1829,487,De Silvestri,33.0,31.0,D,9.0,9.0,6.17741935483871,5.966666666666667,6.0042354926931285,-0.17318386214558146,-0.21075268817204318,0.03756882602646172
1933,513,Acerbi,33.0,30.0,D,8.0,8.0,6.3,5.967741935483871,5.990254480775466,-0.30974551922453397,-0.3322580645161288,0.022512545291594854
2121,554,Zappacosta,29.0,34.0,D,11.0,10.0,6.220588235294118,6.642857142857143,6.1869937050002575,-0.03359453029386028,0.4222689075630255,-0.45586343785688577
2221,581,Faraoni,29.0,32.0,D,13.0,13.0,6.484375,6.1521739130434785,6.323682901778295,-0.1606920982217046,-0.3322010869565215,0.1715089887348169
2317,612,Bianchetti,28.0,0.0,D,4.0,4.0,,5.6,5.7873182255033955,,,0.18731822550339583
2363,630,Sala,29.0,18.0,D,5.0,6.0,5.944444444444445,5.833333333333333,5.876741969513942,-0.06770247493050263,-0.1111111111111116,0.04340863618060897
2410,640,Chiriches,31.0,29.0,D,5.0,5.0,5.637931034482759,5.8125,5.818167661650474,0.18023662716771494,0.1745689655172411,0.005667661650473832
2501,660,Gyomber,29.0,31.0,D,4.0,4.0,5.580645161290323,5.944444444444445,5.789747180364104,0.20910201907378134,0.3637992831541217,-0.15469726408034035
2511,662,Alex Sandro,30.0,28.0,D,8.0,8.0,5.678571428571429,5.56,5.941705488026275,0.26313405945484636,-0.11857142857142922,0.3817054880262756
2546,695,Toloi,30.0,20.0,D,8.0,8.0,6.05,6.046875,5.905523443073222,-0.14447655692677763,-0.0031249999999998224,-0.1413515569267778
2694,770,Pezzella Giu.,23.0,21.0,D,6.0,6.0,6.0,5.75,5.979349193365441,-0.020650806634558982,-0.25,0.22934919336544102
2753,787,Djimsiti,28.0,31.0,D,7.0,7.0,5.838709677419355,5.895833333333333,5.8742765826773065,0.035566905257951476,0.057123655913978055,-0.02155675065602658
2810,798,Skriniar,26.0,35.0,D,17.0,16.0,6.428571428571429,5.571428571428571,6.207934552286567,-0.2206368762848614,-0.8571428571428577,0.6365059808579963
2906,1847,Caldara,27.0,31.0,D,6.0,6.0,5.82258064516129,5.3,5.837552534068388,0.014971888907098219,-0.5225806451612902,0.5375525340683884
2924,1852,Spinazzola,28.0,3.0,D,12.0,13.0,6.0,6.25,6.12487367811658,0.12487367811657979,0.25,-0.1251263218834202
2974,1868,Murru,26.0,22.0,D,5.0,5.0,5.613636363636363,5.55,5.814612696172999,0.20097633253663538,-0.06363636363636349,0.2646126961729989
3054,1891,Ceccherini,29.0,34.0,D,6.0,6.0,5.794117647058823,5.909090909090909,5.831811307581501,0.03769366052267742,0.1149732620320858,-0.07727960150940838
3065,1895,Ferrari G.,29.0,36.0,D,8.0,8.0,5.75,5.848484848484849,5.939965692065216,0.18996569206521574,0.09848484848484862,0.09148084358036712
3385,2016,Fazio,34.0,16.0,D,6.0,6.0,5.78125,5.821428571428571,5.830275675512992,0.04902567551299164,0.040178571428571175,0.008847104084420465
3558,2104,Bereszynski,29.0,35.0,D,6.0,6.0,5.6,5.722222222222222,5.8568330919934155,0.25683309199341586,0.12222222222222268,0.1346108697711932
3616,2120,Bastoni,22.0,31.0,D,15.0,15.0,6.306451612903226,6.137931034482759,6.187274872389688,-0.119176740513538,-0.16852057842046708,0.04934383790692909
3649,2130,Hateboer,27.0,21.0,D,9.0,8.0,5.738095238095238,5.911764705882353,5.97288555453876,0.23479031644352144,0.17366946778711512,0.061120848656406324
3679,2141,Depaoli,24.0,24.0,D,4.0,4.0,5.958333333333333,6.044117647058823,5.96796740821719,0.009634074883856591,0.08578431372549034,-0.07615023884163374
3722,2160,Gosens,27.0,13.0,D,19.0,18.0,6.3076923076923075,6.21875,6.393178675181218,0.08548636748891081,-0.08894230769230749,0.1744286751812183
3740,2164,Milenkovic,23.0,34.0,D,11.0,12.0,5.8088235294117645,6.055555555555555,6.052164542276376,0.24334101286461163,0.24673202614379086,-0.0033910132791792336
3768,2169,Rodriguez R.,28.0,34.0,D,7.0,8.0,5.852941176470588,5.957142857142857,5.895991861806086,0.04305068533549772,0.10420168067226943,-0.06115099533677171
3794,2174,Venuti,26.0,23.0,D,3.0,3.0,5.630434782608695,5.676470588235294,5.8365431538303385,0.20610837122164316,0.046035805626599036,0.16007256559504413
3821,2180,Karsdorp,26.0,36.0,D,10.0,10.0,6.0,5.730769230769231,6.0343644060683985,0.03436440606839852,-0.26923076923076916,0.3035951752991677
3828,2181,Palomino,31.0,34.0,D,10.0,10.0,6.088235294117647,5.766666666666667,5.992942018059583,-0.09529327605806337,-0.32156862745098014,0.22627535139291677
3833,2184,Gravillon,23.0,0.0,D,5.0,5.0,,5.785714285714286,5.841406659852061,,,0.0556923741377755
3846,2188,Marusic,28.0,33.0,D,7.0,8.0,5.651515151515151,5.924242424242424,5.940293153791288,0.28877800227613637,0.2727272727272725,0.016050729548863885
3858,2192,Bonifazi,25.0,22.0,D,4.0,4.0,5.545454545454546,5.653846153846154,5.799520411602391,0.25406586614784477,0.10839160839160833,0.14567425775623644
3970,2252,Marchizza,23.0,19.0,D,2.0,2.0,5.473684210526316,6.0,5.830843382583344,0.3571591720570284,0.5263157894736841,-0.16915661741665566
3989,2263,Lazzari,27.0,31.0,D,10.0,10.0,6.258064516129032,5.785714285714286,6.243311336310518,-0.014753179818513651,-0.47235023041474644,0.4575970505962328
4020,2279,Romagna,24.0,0.0,D,1.0,1.0,,5.75,5.773211311168751,,,0.02321131116875108
4027,2280,Nuytinck,31.0,27.0,D,7.0,7.0,6.111111111111111,5.7,5.863692324530174,-0.24741878658093697,-0.41111111111111054,0.16369232453017357
4082,2296,Mancini,25.0,33.0,D,10.0,10.0,5.636363636363637,6.1571428571428575,6.024175023916175,0.38781138755253863,0.5207792207792208,-0.13296783322668215
4124,2312,Hristov,22.0,17.0,D,0.0,0.0,5.676470588235294,5.722222222222222,5.828285510273384,0.15181492203808933,0.04575163398692794,0.10606328805116139
4146,2318,Rogerio,23.0,23.0,D,5.0,5.0,5.760869565217392,5.763888888888889,5.87878164268236,0.11791207746496823,0.003019323671497709,0.11489275379347053
4205,2355,Marlon,25.0,0.0,D,7.0,7.0,,5.535714285714286,5.821977356343963,,,0.28626307062967715
4253,2446,Donati,31.0,0.0,D,4.0,4.0,,5.9375,5.787359534756426,,,-0.15014046524357383
4285,2525,Darmian,31.0,25.0,D,9.0,8.0,6.32,6.161290322580645,5.97601278622586,-0.34398721377414,-0.15870967741935527,-0.18527753635478472
4317,2583,Umtiti,27.0,0.0,D,7.0,7.0,,5.82,5.864613854227644,,,0.0446138542276433
4344,2633,Kjaer,32.0,11.0,D,5.0,5.0,5.909090909090909,5.852941176470588,5.847766392859108,-0.06132451623180124,-0.0561497326203213,-0.005174783611479938
4379,2653,Lykogiannis,27.0,28.0,D,4.0,4.0,5.803571428571429,6.190476190476191,5.855471449236233,0.051900020664803925,0.38690476190476186,-0.33500474123995794
4415,2668,Retsos,22.0,5.0,D,0.0,0.0,5.9,5.5,5.883593553362904,-0.016406446637096117,-0.40000000000000036,0.38359355336290424
4446,2724,Buongiorno,22.0,23.0,D,4.0,5.0,5.826086956521739,6.147058823529412,5.791869768090237,-0.03421718843150234,0.3209718670076729,-0.3551890554391752
4458,2728,Pellegrini Lu.,22.0,18.0,D,7.0,7.0,5.972222222222222,5.857142857142857,5.887547396850838,-0.08467482537138427,-0.11507936507936556,0.030404539707981293
4472,2739,Reca,26.0,25.0,D,5.0,5.0,5.708333333333333,6.033333333333333,5.8633017390582545,0.15496840572492143,0.3250000000000002,-0.17003159427507875
4525,2758,Gunter,26.0,30.0,D,5.0,5.0,5.566666666666666,5.695652173913044,5.833852282966011,0.26718561629934445,0.12898550724637747,0.13820010905296698
4558,2769,Magnani,25.0,18.0,D,3.0,3.0,5.694444444444445,5.583333333333333,5.7797753765820135,0.08533093213756882,-0.1111111111111116,0.19644204324868042
4601,2784,Colley,28.0,32.0,D,0.0,0.0,5.859375,5.78125,5.80235926552559,-0.057015734474409996,-0.078125,0.021109265525590004
4611,2788,Bremer,24.0,33.0,D,18.0,18.0,6.590909090909091,6.35,6.231927599060861,-0.3589814918482297,-0.24090909090909118,-0.11807240093913851
4680,2816,Di Lorenzo,27.0,33.0,D,15.0,15.0,6.363636363636363,6.581081081081081,6.214135304946341,-0.1495010586900225,0.21744471744471738,-0.3669457761347399
4748,2847,Sernicola,24.0,0.0,D,3.0,4.0,,5.953125,5.810072150249438,,,-0.14305284975056232
4795,2865,Aina,24.0,21.0,D,5.0,5.0,5.833333333333333,6.078947368421052,5.878595601554378,0.04526226822104462,0.24561403508771917,-0.20035176686667455
4805,2869,Djidji,28.0,25.0,D,5.0,6.0,5.76,5.823529411764706,5.796409151332139,0.03640915133213962,0.06352941176470583,-0.027120260432566212
4810,2870,Troost-Ekong,27.0,0.0,D,5.0,5.0,,6.222222222222222,5.8074132283695805,,,-0.4148089938526418
4857,4237,Danilo,30.0,22.0,D,12.0,14.0,6.2272727272727275,6.45945945945946,6.112932008093938,-0.11434071917878974,0.23218673218673214,-0.3465274513655219
4864,4245,Smalling,31.0,27.0,D,14.0,14.0,6.425925925925926,6.515625,6.168535163325005,-0.2573907626009202,0.0896990740740744,-0.3470898366749946
4889,4292,Hernandez T.,23.0,32.0,D,20.0,22.0,6.6875,6.40625,6.564671094116804,-0.12282890588319617,-0.28125,0.15842109411680383
4908,4323,Zeegelaar,30.0,14.0,D,2.0,2.0,5.571428571428571,6.0,5.791634153520992,0.22020558209242047,0.4285714285714288,-0.20836584647900835
4926,4329,Nikolaou,22.0,36.0,D,4.0,4.0,5.486111111111111,5.652777777777778,5.8148798481475374,0.32876873703642673,0.16666666666666696,0.16210207036975977
4936,4331,Ibanez,22.0,34.0,D,9.0,9.0,5.985294117647059,5.833333333333333,5.982306625989702,-0.002987491657356678,-0.15196078431372584,0.14897329265636916
4942,4332,Demiral,23.0,28.0,D,13.0,13.0,6.107142857142857,5.982142857142857,6.066799758132616,-0.04034309901024091,-0.125,0.08465690098975909
5025,4374,Walukiewicz,21.0,7.0,D,4.0,4.0,5.642857142857143,5.909090909090909,5.784068774924239,0.14121163206709575,0.26623376623376593,-0.12502213416667018
5030,4375,Terzic,21.0,14.0,D,2.0,2.0,6.035714285714286,6.159090909090909,5.899786857394826,-0.1359274283194596,0.12337662337662358,-0.25930405169608317
5043,4378,Ranieri L,22.0,27.0,D,1.0,1.0,5.648148148148148,6.166666666666667,5.837178267937445,0.1890301197892974,0.518518518518519,-0.32948839872922164
5051,4385,Lazaro,25.0,0.0,D,7.0,6.0,,6.043478260869565,5.858201005148049,,,-0.1852772557215161
5080,4401,Gabbia,21.0,8.0,D,1.0,1.0,5.4375,5.541666666666667,5.829088454485311,0.3915884544853112,0.10416666666666696,0.28742178781864425
5099,4407,Igor,23.0,30.0,D,9.0,10.0,5.766666666666667,5.555555555555555,5.91508245761874,0.14841579095207358,-0.21111111111111125,0.35952690206318483
5106,4409,Rrahmani,27.0,33.0,D,14.0,14.0,6.5606060606060606,6.344827586206897,6.197780304795752,-0.3628257558103085,-0.21577847439916376,-0.14704728141114476
5114,4412,Rodrigo Becao,25.0,35.0,D,10.0,10.0,6.1,6.0,6.020728654203772,-0.07927134579622752,-0.09999999999999964,0.020728654203772123
5133,4421,Augello,26.0,36.0,D,7.0,7.0,5.930555555555555,6.094594594594595,5.883870842970159,-0.04668471258539597,0.16403903903903938,-0.21072375162443535
5150,4426,Toljan,26.0,20.0,D,5.0,5.0,5.85,5.67741935483871,5.835660201377139,-0.014339798622860833,-0.17258064516128968,0.15824084653842885
5166,4432,Okoli,20.0,0.0,D,5.0,5.0,,5.676470588235294,5.782137837806722,,,0.10566724957142792
5169,4433,Zortea,22.0,29.0,D,2.0,3.0,5.948275862068965,6.078947368421052,5.896705295055681,-0.05157056701328422,0.1306715063520869,-0.18224207336537113
5178,4438,Cassandro,21.0,0.0,D,1.0,1.0,,6.0,5.798595900675984,,,-0.20140409932401582
5264,4493,Dawidowicz,26.0,17.0,D,4.0,4.0,5.705882352941177,5.804347826086956,5.811993527669596,0.10611117472841958,0.09846547314577947,0.007645701582640108
5272,4495,Kumbulla,21.0,17.0,D,4.0,4.0,5.647058823529412,5.357142857142857,5.816456149195166,0.16939732566575394,-0.28991596638655537,0.4593132920523093
5291,4502,Gallo,21.0,0.0,D,2.0,2.0,,5.65625,5.789333078978578,,,0.1330830789785784
5330,4519,Cetin,24.0,2.0,D,0.0,0.0,6.0,5.0,5.832732213697565,-0.16726778630243544,-1.0,0.8327322136975646
5338,4521,Muldur,22.0,31.0,D,5.0,5.0,5.693548387096774,6.0,5.84735207145887,0.1538036843620958,0.306451612903226,-0.15264792854113018
5360,4530,Kyriakopoulos,25.0,29.0,D,6.0,6.0,5.931034482758621,6.1875,6.009970713159819,0.07893623040119824,0.256465517241379,-0.17752928684018077
5362,4657,Celik,24.0,0.0,D,7.0,7.0,,5.729166666666667,5.93003485022562,,,0.20086818355895275
5384,4719,Ampadu,20.0,29.0,D,6.0,6.0,5.689655172413793,5.790322580645161,5.850339762375452,0.1606845899616589,0.10066740823136833,0.06001718173029058
5395,4751,Tomori,23.0,0.0,D,15.0,15.0,,6.090909090909091,6.1126056782450116,,,0.021696587335920725
5424,4870,Adopo,25.0,0.0,D,1.0,1.0,,5.888888888888889,5.792775601366706,,,-0.09611328752218284
5454,4887,Bellanova,21.0,31.0,D,8.0,7.0,5.903225806451613,6.0,6.0096206897040245,0.10639488325241153,0.09677419354838701,0.009620689704024521
5468,4891,Soumaoro,29.0,28.0,D,5.0,5.0,5.589285714285714,5.891304347826087,5.796784769576447,0.20749905529073231,0.3020186335403725,-0.09451957824964019
5489,4897,Pirola,19.0,0.0,D,4.0,4.0,,5.9423076923076925,5.7970866520635305,,,-0.14522104024416205
5494,4899,Singo,20.0,35.0,D,14.0,13.0,6.442857142857143,6.032258064516129,6.268585405251579,-0.17427173760556425,-0.41059907834101406,0.2363273407354498
5497,4904,Mari,27.0,0.0,D,11.0,11.0,,5.966666666666667,6.0382486848771055,,,0.07158201821043875
5518,4925,Carboni,20.0,30.0,D,0.0,0.0,5.5,5.5,5.794248482824952,0.2942484828249521,0.0,0.2942484828249521
5532,4934,Lovato,21.0,22.0,D,6.0,6.0,5.863636363636363,5.588235294117647,5.814453000960916,-0.049183362675447206,-0.27540106951871657,0.22621770684326936
5579,4958,Caldirola,30.0,0.0,D,4.0,4.0,,6.032258064516129,5.7942535022708075,,,-0.23800456224532152
5585,4960,Tuia,31.0,0.0,D,3.0,3.0,,6.0,5.798285475747128,,,-0.20171452425287217
5616,4976,Kalulu,21.0,28.0,D,14.0,15.0,6.392857142857143,5.794117647058823,6.138607824708017,-0.2542493181491263,-0.5987394957983199,0.34449017764919354
5627,4979,Ayhan,26.0,23.0,D,0.0,0.0,5.891304347826087,5.65,5.806074536659116,-0.08522981116697093,-0.24130434782608656,0.15607453665911564
5632,4982,Erlic,23.0,30.0,D,9.0,9.0,6.066666666666666,5.607142857142857,5.992570690288419,-0.07409597637824739,-0.45952380952380967,0.3854278331455623
5636,4983,Ferrer,23.0,27.0,D,3.0,4.0,5.944444444444445,5.6,5.881931052770938,-0.062513391673507,-0.344444444444445,0.281931052770938
5659,4994,Vojvoda,26.0,29.0,D,9.0,9.0,6.068965517241379,5.982758620689655,6.014947956573879,-0.054017560667499964,-0.0862068965517242,0.032189335884224235
5700,5010,Ismajli,24.0,20.0,D,3.0,3.0,5.2,5.86,5.824490267771166,0.6244902677711659,0.6600000000000001,-0.035509732228834245
5708,5017,Ballo-Toure,24.0,10.0,D,2.0,2.0,5.65,6.2,5.882416631287731,0.23241663128773027,0.5499999999999998,-0.31758336871226955
5731,5239,Llorente D,27.0,0.0,D,8.0,8.0,,6.055555555555555,5.91613659081899,,,-0.13941896473656534
5776,5313,Dest,20.0,0.0,D,5.0,6.0,,5.6875,5.9149134734490705,,,0.22741347344907048
5780,5316,Amione,19.0,0.0,D,2.0,3.0,,5.62962962962963,5.783757238302767,,,0.15412760867313757
5795,5323,Martinez Quarta,25.0,20.0,D,4.0,4.0,5.775,5.981481481481482,5.85525032016469,0.0802503201646898,0.2064814814814815,-0.12623116131679168
5809,5332,Bastoni S.,24.0,31.0,D,12.0,13.0,6.387096774193548,6.473684210526316,6.186972960977967,-0.2001238132155807,0.08658743633276789,-0.2867112495483486
5829,5354,Ruggeri,19.0,14.0,D,1.0,1.0,5.821428571428571,5.866666666666666,5.850210373996359,0.02878180256778773,0.04523809523809508,-0.01645629267030735
5833,5355,Udogie,18.0,35.0,D,13.0,13.0,6.457142857142857,6.393939393939394,6.292363682832512,-0.16477917431034506,-0.0632034632034637,-0.10157571110688135
5851,5375,Maehle,24.0,26.0,D,8.0,7.0,5.961538461538462,6.161764705882353,6.039775630438956,0.07823716890049415,0.20022624434389158,-0.12198907544339743
5888,5399,Antov,20.0,0.0,D,1.0,1.0,,5.5,5.812447146683729,,,0.31244714668372886
5948,5449,Parisi,20.0,25.0,D,8.0,8.0,5.86,6.136363636363637,5.946433658330828,0.08643365833082761,0.27636363636363637,-0.18992997803280876
5951,5450,Stojanovic,25.0,33.0,D,7.0,7.0,5.787878787878788,5.722222222222222,5.907866074445724,0.11998728656693558,-0.06565656565656575,0.18564385222350133
5986,5475,Amian,23.0,32.0,D,6.0,6.0,5.671875,5.533333333333333,5.846089702801993,0.1742147028019927,-0.13854166666666679,0.3127563694686595
5993,5479,Ceccaroni,25.0,35.0,D,5.0,5.0,5.871428571428571,6.0,5.838255295249676,-0.03317327617889543,0.128571428571429,-0.16174470475032443
5996,5480,Ebuehi,25.0,19.0,D,3.0,3.0,5.552631578947368,6.4423076923076925,5.815022269117216,0.2623906901698483,0.8896761133603244,-0.6272854231904761
5999,5481,Mazzocchi,26.0,33.0,D,7.0,7.0,5.833333333333333,6.462962962962963,5.9386453912947585,0.10531205796142551,0.6296296296296298,-0.5243175716682043
6022,5498,Casale,23.0,36.0,D,9.0,10.0,5.75,6.0344827586206895,5.917981231364979,0.1679812313649789,0.2844827586206895,-0.11650152725571061
6050,5509,Vina,23.0,26.0,D,0.0,0.0,5.769230769230769,5.833333333333333,5.911593575684281,0.1423628064535114,0.06410256410256387,0.07826024235094753
6061,5513,Dumfries,25.0,33.0,D,20.0,19.0,6.742424242424242,6.0,6.557686688966466,-0.18473755345777665,-0.7424242424242422,0.5576866889664656
6064,5514,Vasquez,25.0,0.0,D,6.0,6.0,,5.78,5.786509859015419,,,0.006509859015419117
6080,5520,Cambiaso,21.0,26.0,D,9.0,10.0,6.115384615384615,6.03125,6.049426031443594,-0.06595858394102105,-0.08413461538461497,0.01817603144359392
6087,5526,Scalvini,17.0,18.0,D,6.0,6.0,6.111111111111111,6.03125,5.880039322818651,-0.23107178829245978,-0.07986111111111072,-0.15121067718134906
6090,5527,Zanoli,20.0,12.0,D,3.0,3.0,5.875,6.282608695652174,5.812557904810729,-0.062442095189270574,0.40760869565217384,-0.4700507908414444
6098,5532,Bradaric,21.0,0.0,D,7.0,7.0,,5.774193548387097,5.849278233576069,,,0.07508468518897171
6100,5554,Daniliuc,20.0,0.0,D,7.0,8.0,,5.5,5.8454374404248375,,,0.3454374404248375
6104,5603,Pongracic,23.0,0.0,D,6.0,6.0,,5.888888888888889,5.83128227310018,,,-0.057606615788709625
6123,5677,Perez N,21.0,20.0,D,8.0,8.0,5.65,6.0,5.847862002343218,0.19786200234321782,0.34999999999999964,-0.15213799765678182
6125,5678,Holm,21.0,0.0,D,2.0,3.0,,6.15,5.8504358718621265,,,-0.2995641281378738
6133,5686,Soppy,19.0,28.0,D,7.0,7.0,5.875,5.9,5.902082000059748,0.027082000059747813,0.025000000000000355,0.0020820000597474575
6144,5691,Zima,20.0,20.0,D,5.0,5.0,5.825,5.833333333333333,5.80507659538548,-0.019923404614520024,0.00833333333333286,-0.028256737947852884
6147,5693,Kiwior,21.0,22.0,D,0.0,0.0,5.636363636363637,5.823529411764706,5.810627501145029,0.1742638647813921,0.18716577540106893,-0.012901910619676826
6187,5739,De Winter,19.0,0.0,D,4.0,5.0,,5.642857142857143,5.785487252392097,,,0.14263010953495403
6189,5740,Zanotti,18.0,1.0,D,1.0,1.0,6.0,6.0,5.889719077627448,-0.11028092237255205,0.0,-0.11028092237255205
6192,5747,Ruan,22.0,10.0,D,3.0,3.0,5.7,5.260869565217392,5.835062851508431,0.13506285150843045,-0.4391304347826086,0.574193286291039
6198,5750,Ostigard,21.0,15.0,D,7.0,7.0,5.433333333333334,5.928571428571429,5.813934766987534,0.38060143365420007,0.49523809523809526,-0.11463666158389518
6213,5764,Coppola D,17.0,4.0,D,2.0,2.0,5.875,5.7105263157894735,5.768344796148678,-0.10665520385132243,-0.16447368421052655,0.057818480359204116
6255,5793,Kasius,18.0,7.0,D,0.0,0.0,5.928571428571429,6.214285714285714,5.95115008972297,0.022578661151540835,0.2857142857142856,-0.26313562456274475
6273,5804,Cacace,20.0,10.0,D,3.0,3.0,5.8,5.666666666666667,5.815422272136964,0.015422272136964565,-0.13333333333333286,0.14875560547029743
6307,5831,Gatti,23.0,0.0,D,5.0,5.0,,5.833333333333333,5.854042102677109,,,0.02070876934377619
6311,5833,Gila,20.0,0.0,D,4.0,4.0,,5.75,5.852711808357236,,,0.10271180835723559
6315,5835,Baschirotto,24.0,0.0,D,2.0,2.0,,6.22972972972973,5.86023853119976,,,-0.36949119852997026
6321,5838,Birindelli,22.0,0.0,D,3.0,4.0,,5.774193548387097,5.805219095391801,,,0.03102554700470428
6325,5840,Olivera,23.0,0.0,D,7.0,7.0,,6.216666666666667,5.905750009362872,,,-0.31091665730379514
6337,5846,Bayeye,25.0,0.0,D,1.0,1.0,,5.75,5.779644166417081,,,0.02964416641708123
6339,5847,Bijol,22.0,0.0,D,5.0,5.0,,6.03125,5.824227911349057,,,-0.20702208865094285
6341,5848,Ebosele,18.0,0.0,D,2.0,2.0,,5.9411764705882355,5.866787350735292,,,-0.07438911985294361
6343,5849,Buta,19.0,0.0,D,1.0,1.0,,6.0,5.819625016017294,,,-0.18037498398270557
6347,5851,Doig,19.0,0.0,D,6.0,6.0,,6.5,5.8128875429902624,,,-0.6871124570097376
6353,5856,Sambia,24.0,0.0,D,7.0,7.0,,5.909090909090909,5.890610907449157,,,-0.018480001641751898
6359,5862,Valeri,22.0,0.0,D,5.0,5.0,,6.3108108108108105,5.846818470882798,,,-0.46399233992801214
6365,5867,Gendrey,21.0,0.0,D,4.0,4.0,,5.851351351351352,5.793144106178624,,,-0.058207245172727795
6379,5877,Carlos Augusto,22.0,0.0,D,8.0,8.0,,6.757142857142857,5.863596041909987,,,-0.8935468152328703
6393,5885,Dodo,25.0,0.0,D,14.0,14.0,,5.984848484848484,6.06978466000818,,,0.08493617515969554
6397,5891,Quagliata,21.0,0.0,D,3.0,3.0,,5.8,5.82338798822238,,,0.023387988222379974
6399,5892,Kim,24.0,0.0,D,13.0,13.0,,6.428571428571429,6.035501127881263,,,-0.3930703006901659
6407,5994,Ebosse,22.0,0.0,D,4.0,4.0,,5.675,5.818557246236715,,,0.14355724623671495
6418,6002,Aiwu,20.0,0.0,D,5.0,5.0,,5.565217391304348,5.847101726349271,,,0.28188433504492316
6429,6013,Barbieri,25.0,0.0,D,1.0,1.0,,6.0,5.779644166417081,,,-0.22035583358291877
6434,6021,Abankwah,25.0,0.0,D,1.0,1.0,,6.25,5.779644166417081,,,-0.47035583358291877
6436,6023,Guessand A,16.0,0.0,D,1.0,1.0,,6.5,5.793144106178624,,,-0.706855893821376
6444,6027,Lochoshvili,23.0,0.0,D,3.0,3.0,,5.9,5.813507518450458,,,-0.08649248154954225
6446,6028,Bronn,26.0,0.0,D,5.0,5.0,,5.5,5.846291087206393,,,0.3462910872063931
6449,6039,Cabal,25.0,0.0,D,3.0,3.0,,5.7727272727272725,5.779644166417081,,,0.006916893689808745
6451,6041,Schuurs,21.0,0.0,D,9.0,9.0,,6.183333333333334,5.9102242400733385,,,-0.2731090932599951
6453,6042,Lucumi,23.0,0.0,D,9.0,10.0,,5.681818181818182,5.871472575562895,,,0.18965439374471327
6455,6043,Sosa,25.0,0.0,D,2.0,2.0,,5.35,5.779644166417081,,,0.4296441664170816
6457,6046,Hien,25.0,0.0,D,6.0,6.0,,5.796875,5.786509859015419,,,-0.010365140984580634
6459,6047,Ehizibue,26.0,0.0,D,4.0,4.0,,5.925925925925926,5.843423262566539,,,-0.08250266335938683
6465,6055,Thiaw,19.0,0.0,D,6.0,6.0,,5.8,5.821384779982284,,,0.021384779982284385
6477,6066,Posch,24.0,0.0,D,8.0,9.0,,6.683333333333334,5.942413682258476,,,-0.7409196510748579
6488,6118,Moutinho J,25.0,0.0,D,2.0,2.0,,5.875,5.779644166417081,,,-0.09535583358291877
6499,6139,Zeefuik,23.0,0.0,D,4.0,4.0,,6.0,5.825959969855291,,,-0.1740400301447087
6508,6149,Carboni F,18.0,0.0,D,1.0,1.0,,6.166666666666667,5.78775970637573,,,-0.3789069602909372
6510,6153,Wisniewski,23.0,0.0,D,3.0,3.0,,5.607142857142857,5.778676747425977,,,0.17153389028312027
70,21,D'Alessandro,30.0,0.0,C,1.0,2.0,,6.0625,5.999480180787108,,,-0.0630198192128919
79,22,De Roon,30.0,30.0,C,7.0,7.0,6.133333333333334,6.257142857142857,5.930898353105199,-0.20243498022813444,0.12380952380952337,-0.3262445040376578
97,27,Grassi,26.0,30.0,C,6.0,7.0,5.883333333333334,5.88,5.898003819137022,0.014670485803688571,-0.0033333333333338544,0.018003819137022425
490,148,Krunic,27.0,28.0,C,7.0,6.0,6.107142857142857,5.826086956521739,5.971956041650127,-0.13518681549272937,-0.2810559006211175,0.14586908512838814
500,150,Saponara,29.0,29.0,C,11.0,11.0,6.655172413793103,6.5,6.400087784633328,-0.25508462915977503,-0.1551724137931032,-0.09991221536667183
510,152,Zielinski,27.0,35.0,C,19.0,19.0,6.757142857142857,6.716216216216216,6.6466039779223305,-0.11053887922052663,-0.04092664092664133,-0.0696122382938853
617,181,Vecino,29.0,17.0,C,6.0,7.0,6.117647058823529,6.046875,6.072015497615165,-0.045631561208364424,-0.070772058823529,0.02514049761516457
788,236,Lazovic,30.0,34.0,C,13.0,13.0,6.485294117647059,6.816666666666666,6.302287806728186,-0.18300631091887265,0.33137254901960755,-0.5143788599384802
805,238,Rincon,33.0,24.0,C,6.0,6.0,5.729166666666667,5.529411764705882,5.862365331889347,0.13319866522267976,-0.19975490196078471,0.33295356718346447
945,265,Brozovic,28.0,35.0,C,15.0,15.0,6.414285714285715,6.517857142857143,6.209407300465573,-0.2048784138201416,0.10357142857142865,-0.30844984239157025
1087,302,Pereyra,30.0,24.0,C,18.0,18.0,6.395833333333333,6.6911764705882355,6.422364369019075,0.026531035685741777,0.29534313725490247,-0.2688121015691607
1091,303,Pogba,28.0,0.0,C,24.0,24.0,,6.0,6.444335977593874,,,0.444335977593874
1224,332,Candreva,34.0,36.0,C,17.0,17.0,6.847222222222222,6.885714285714286,6.766346793183177,-0.08087542903904499,0.0384920634920638,-0.11936749253110879
1233,333,Cataldi,26.0,32.0,C,8.0,8.0,6.078125,5.931034482758621,5.998241811129111,-0.0798831888708893,-0.147090517241379,0.0672073283704897
1242,335,Felipe Anderson,28.0,38.0,C,19.0,19.0,6.802631578947368,7.0,6.550617872997607,-0.2520137059497616,0.19736842105263186,-0.44938212700239344
1355,367,Bonaventura,31.0,31.0,C,14.0,16.0,6.564516129032258,6.666666666666667,6.4672696826990865,-0.09724644633317148,0.10215053763440896,-0.19939698396758043
1391,376,Verdi,29.0,18.0,C,13.0,13.0,7.138888888888889,6.625,6.4927173035238726,-0.6461715853650167,-0.5138888888888893,-0.13228269647612745
1628,434,Jajalo,33.0,22.0,C,0.0,0.0,5.931818181818182,6.0,5.89137420971972,-0.040443972098461956,0.06818181818181834,-0.1086257902802803
1745,468,Paredes,27.0,0.0,C,13.0,15.0,,5.82,6.1753411528316215,,,0.35534115283162127
1986,526,Duncan,28.0,33.0,C,7.0,7.0,6.121212121212121,5.96,5.99392987566274,-0.12728224554938095,-0.16121212121212114,0.033929875662740194
2011,530,Pellegrini Lo.,25.0,28.0,C,27.0,26.0,7.089285714285714,6.328125,7.095895421989579,0.006609707703864487,-0.7611607142857144,0.7677704219895789
2045,536,Politano,27.0,33.0,C,15.0,15.0,6.46969696969697,6.462962962962963,6.53890470814806,0.06920773845109007,-0.006734006734006925,0.075941745185097
2143,557,Benassi,26.0,18.0,C,3.0,3.0,5.75,5.794117647058823,5.952304602066785,0.2023046020667847,0.04411764705882337,0.15818695500796132
2271,600,Verre,27.0,19.0,C,0.0,0.0,5.684210526315789,5.555555555555555,5.982985047871601,0.29877452155581175,-0.12865497076023402,0.42742949231604577
2376,632,Zaccagni,26.0,31.0,C,20.0,20.0,6.903225806451613,7.442857142857143,6.678938617754756,-0.2242871886968567,0.5396313364055301,-0.7639185251023868
2443,645,Milinkovic-Savic,26.0,37.0,C,29.0,29.0,7.594594594594595,7.083333333333333,6.84114679260101,-0.7534478019935849,-0.5112612612612617,-0.24218654073232315
2523,666,Machin,24.0,0.0,C,4.0,4.0,,5.92,6.035046550611953,,,0.1150465506119529
2559,697,Cuadrado,33.0,33.0,C,15.0,15.0,6.606060606060606,5.919354838709677,6.333278786064367,-0.27278181999623907,-0.6867057673509294,0.4139239473546903
2723,779,Cristante,26.0,34.0,C,9.0,9.0,5.955882352941177,5.888888888888889,5.999200811929029,0.04331845898785236,-0.06699346405228734,0.1103119230401397
2798,795,El Shaarawy,28.0,27.0,C,9.0,9.0,6.2407407407407405,7.0344827586206895,6.246053765391642,0.0053130246509018875,0.793742017879949,-0.7884289932290471
2829,801,Gagliardini,27.0,18.0,C,8.0,8.0,6.472222222222222,5.605263157894737,6.112416938370737,-0.35980528385148514,-0.8669590643274852,0.507153780476
2881,827,Locatelli,23.0,31.0,C,14.0,14.0,6.435483870967742,6.078125,6.211222500649629,-0.22426137031811333,-0.357358870967742,0.13309750064962866
2988,1870,Barella,24.0,36.0,C,20.0,19.0,6.916666666666667,6.857142857142857,6.428328471940532,-0.4883381947261354,-0.0595238095238102,-0.4288143852023252
3078,1901,Barberis,27.0,0.0,C,7.0,7.0,,5.888888888888889,5.983389994489498,,,0.09450110560060843
3136,1933,Mandragora,24.0,21.0,C,9.0,9.0,6.0476190476190474,6.241379310344827,6.022339639043745,-0.025279408575302753,0.19376026272577995,-0.2190396713010827
3239,1978,Sensi,25.0,20.0,C,12.0,12.0,6.075,6.232142857142857,6.169943583529063,0.09494358352906307,0.15714285714285658,-0.062199273613793515
3283,1995,Djuricic,29.0,12.0,C,13.0,13.0,6.625,5.71875,6.308851439164173,-0.31614856083582676,-0.90625,0.5901014391641732
3316,2002,Chiesa,23.0,14.0,C,25.0,25.0,6.785714285714286,6.595238095238095,6.730414015418777,-0.05530027029550855,-0.1904761904761907,0.13517592018068214
3342,2008,Linetty,26.0,16.0,C,5.0,4.0,5.71875,5.921875,5.88151351110947,0.1627635111094703,0.203125,-0.040361488890529706
3350,2009,Lukic,24.0,35.0,C,0.0,0.0,6.5,6.3125,6.0987908863963085,-0.4012091136036915,-0.1875,-0.2137091136036915
3360,2011,Miguel Veloso,35.0,22.0,C,6.0,6.0,6.0227272727272725,5.704545454545454,5.911979891941368,-0.11074738078590407,-0.31818181818181834,0.20743443739591427
3487,2077,Pasalic,26.0,37.0,C,22.0,21.0,7.391891891891892,6.40625,6.7140436935208,-0.677848198371092,-0.9856418918918921,0.3077936935208001
3516,2085,Luis Alberto,28.0,34.0,C,18.0,17.0,6.8088235294117645,6.9,6.614621988785927,-0.19420154062583705,0.09117647058823586,-0.2853780112140729
3600,2117,Kastanos,23.0,27.0,C,5.0,5.0,5.944444444444445,6.160714285714286,6.006797414251463,0.06235296980701843,0.21626984126984095,-0.1539168714628225
3703,2154,Vignato,20.0,24.0,C,3.0,3.0,5.9375,6.269230769230769,5.956764813131533,0.019264813131533387,0.33173076923076916,-0.3124659560992358
3727,2161,Haas,25.0,16.0,C,3.0,3.0,5.90625,5.958333333333333,5.933500656114433,0.02725065611443256,0.05208333333333304,-0.02483267721890048
3756,2167,Orsolini,24.0,29.0,C,15.0,15.0,6.724137931034483,7.09375,6.5893467317811005,-0.13479119925338257,0.3696120689655169,-0.5044032682188995
3787,2172,Barak,26.0,29.0,C,22.0,21.0,7.482758620689655,5.967741935483871,6.748553712218957,-0.7342049084706979,-1.5150166852057838,0.780811776735086
3867,2194,Calhanoglu,27.0,34.0,C,19.0,18.0,7.161764705882353,6.742424242424242,6.569512741443259,-0.592251964439094,-0.41934046345811105,-0.17291150098098296
3973,2253,Bandinelli,26.0,35.0,C,6.0,5.0,6.0,5.914285714285715,6.053639638524655,0.05363963852465492,-0.08571428571428541,0.13935392423894033
4013,2274,Valoti,27.0,0.0,C,5.0,5.0,,5.84375,6.133682907562203,,,0.2899329075622026
4190,2334,Leris,23.0,0.0,C,3.0,3.0,,5.796875,6.059382017463762,,,0.26250701746376226
4218,2379,Rabiot,26.0,32.0,C,7.0,7.0,5.71875,7.03125,5.976387648020004,0.2576376480200038,1.3125,-1.0548623519799962
4229,2391,Ekdal,32.0,26.0,C,7.0,7.0,5.6923076923076925,5.790322580645161,5.869498635586324,0.1771909432786316,0.09801488833746852,0.07917605494116309
4234,2392,Walace,26.0,36.0,C,7.0,7.0,5.861111111111111,5.891891891891892,5.925398008711258,0.06428689760014716,0.03078078078078139,0.03350611681936577
4247,2432,Zakaria,24.0,9.0,C,0.0,0.0,6.277777777777778,5.75,6.0136978000529355,-0.26407997772484215,-0.5277777777777777,0.2636978000529355
4287,2528,Matic,32.0,0.0,C,7.0,7.0,,6.314285714285714,5.983038496746841,,,-0.33124721753887343
4292,2529,Mkhitaryan,32.0,31.0,C,16.0,16.0,6.82258064516129,6.387096774193548,6.563673842740632,-0.25890680242065844,-0.435483870967742,0.17657706854708355
4336,2625,Soriano,30.0,35.0,C,12.0,12.0,5.871428571428571,6.222222222222222,6.176441451108129,0.30501287967955815,0.3507936507936513,-0.04578077111409318
4346,2638,Wijnaldum,30.0,0.0,C,17.0,17.0,,6.535714285714286,6.237304262029367,,,-0.29841002368491854
4352,2639,Bakayoko,26.0,14.0,C,2.0,2.0,5.678571428571429,5.833333333333333,5.898119058983919,0.2195476304124906,0.1547619047619042,0.06478572565058638
4479,2741,Pessina,24.0,27.0,C,13.0,13.0,6.055555555555555,6.571428571428571,6.2358884111807775,0.18033285562522217,0.5158730158730158,-0.33554016024779365
4552,2766,Zaniolo,22.0,28.0,C,0.0,0.0,6.017857142857143,5.884615384615385,6.216545897188546,0.19868875433140243,-0.1332417582417582,0.33193051257316064
4617,2789,Meite',27.0,0.0,C,7.0,8.0,,5.774193548387097,5.950824850066897,,,0.1766313016797998
4687,2818,Bennacer,23.0,31.0,C,10.0,10.0,6.354838709677419,6.464285714285714,6.1569449566604835,-0.19789375301693557,0.10944700460829537,-0.30734075762523094
4699,2825,Bourabia,29.0,8.0,C,4.0,4.0,6.375,6.0,5.944654450231737,-0.4303455497682629,-0.375,-0.05534554976826289
4731,2839,Sottil,22.0,24.0,C,8.0,8.0,6.375,6.055555555555555,6.25188253249686,-0.1231174675031399,-0.31944444444444464,0.19632697694130474
4751,2848,Frattesi,21.0,36.0,C,16.0,16.0,6.361111111111111,6.791666666666667,6.463265598075733,0.10215448696462204,0.43055555555555625,-0.3284010685909342
4767,2855,Vieira,24.0,0.0,C,4.0,4.0,,5.611111111111111,5.891202033700329,,,0.28009092258921786
4775,2857,Traore' Hj.,21.0,31.0,C,0.0,0.0,6.838709677419355,6.0,6.283643088642592,-0.5550665887767634,-0.838709677419355,0.2836430886425916
4828,4143,Ndombele,24.0,0.0,C,11.0,11.0,,5.95,6.143404222466019,,,0.19340422246601907
4850,4220,Zambo Anguissa,25.0,25.0,C,11.0,12.0,6.2,6.597222222222222,6.1423283707090475,-0.05767162929095271,0.39722222222222214,-0.45489385151317485
4868,4260,Winks,25.0,0.0,C,6.0,7.0,,5.725,5.939427395910595,,,0.21442739591059556
4884,4287,Lobotka,26.0,23.0,C,11.0,12.0,6.3478260869565215,6.342105263157895,6.131546772907273,-0.21627931404924894,-0.005720823798626817,-0.21055849025062212
4960,4342,Duda,26.0,0.0,C,9.0,8.0,,5.7,6.153128235294845,,,0.4531282352948445
4972,4349,Nicolussi Caviglia,24.0,0.0,C,3.0,3.0,,5.916666666666667,5.945580593161585,,,0.028913926494918307
4998,4364,Gaetano,21.0,2.0,C,4.0,4.0,6.0,6.4375,6.135977447681047,0.13597744768104736,0.4375,-0.30152255231895264
5034,4376,Zurkowski,23.0,35.0,C,8.0,8.0,6.6571428571428575,5.791666666666667,6.256926124017305,-0.4002167331255526,-0.8654761904761905,0.4652594573506379
5039,4377,Castrovilli,24.0,23.0,C,9.0,9.0,6.108695652173913,6.433333333333334,6.10046600233666,-0.008229649837253383,0.3246376811594205,-0.33286733099667387
5066,4393,Schouten,24.0,17.0,C,8.0,9.0,6.088235294117647,5.924242424242424,5.950060451411597,-0.13817484270605007,-0.16399286987522288,0.025818027169172808
5101,4408,Esposito Sa,20.0,0.0,C,5.0,6.0,,5.8,6.003254080190046,,,0.20325408019004598
5155,4427,Malinovskyi,28.0,30.0,C,0.0,0.0,6.85,6.266666666666667,6.327316056205999,-0.522683943794001,-0.583333333333333,0.06064938953933208
5198,4449,Tonali,21.0,36.0,C,16.0,16.0,6.694444444444445,6.470588235294118,6.395360295828237,-0.2990841486162079,-0.2238562091503269,-0.07522793946588102
5215,4459,Rovella,19.0,21.0,C,3.0,3.0,6.119047619047619,6.125,5.991141119574179,-0.1279064994734398,0.005952380952381375,-0.13385888042582117
5226,4465,Fagioli,20.0,0.0,C,3.0,3.0,,6.519230769230769,6.0016694346420545,,,-0.5175613345887147
5244,4479,Elmas,21.0,37.0,C,11.0,11.0,6.405405405405405,6.652777777777778,6.329349378502355,-0.07605602690304991,0.24737237237237242,-0.32342839927542233
5253,4486,Strefezza,24.0,0.0,C,13.0,13.0,,6.942857142857143,6.14566817295915,,,-0.7971889698979933
5277,4498,Henderson L.,25.0,38.0,C,8.0,8.0,6.184210526315789,5.7,6.118339530608588,-0.06587099570720145,-0.4842105263157892,0.41833953060858775
5289,4501,Obiang,24.0,0.0,C,2.0,2.0,,5.852941176470588,5.93930743082091,,,0.08636625435032208
5317,4515,Agudelo,22.0,23.0,C,9.0,8.0,6.260869565217392,5.882352941176471,6.2061609626871626,-0.05470860253022902,-0.37851662404092057,0.32380802151069155
5343,4522,Amrabat,24.0,23.0,C,8.0,8.0,6.043478260869565,5.844827586206897,5.929618694258402,-0.11385956661116303,-0.1986506746626686,0.08479110805150558
5365,4658,Ikone,23.0,17.0,C,14.0,14.0,6.088235294117647,6.393939393939394,6.352697330266303,0.2644620361486565,0.30570409982174684,-0.04124206367309036
5374,4681,Lopez M.,23.0,35.0,C,9.0,10.0,6.085714285714285,5.75,6.002025498120307,-0.08368878759397802,-0.3357142857142854,0.2520254981203074
5379,4701,Cuisance,21.0,13.0,C,4.0,4.0,5.615384615384615,5.666666666666667,5.905060384993557,0.2896757696089418,0.05128205128205199,0.23839371832688983
5381,4711,Kostic,28.0,0.0,C,15.0,18.0,,6.581081081081081,6.464238918738166,,,-0.11684216234291434
5389,4725,Demme,29.0,19.0,C,4.0,4.0,6.0,5.928571428571429,5.93170697667322,-0.06829302332678022,-0.07142857142857117,0.0031355481017909526
5404,4825,Diaz B.,21.0,31.0,C,11.0,11.0,6.387096774193548,6.833333333333333,6.344442470520769,-0.042654303672779115,0.446236559139785,-0.4888908628125641
5421,4869,Dominguez,23.0,28.0,C,8.0,9.0,6.017857142857143,6.451612903225806,5.976542695199176,-0.041314447657967435,0.4337557603686628,-0.47507020802663025
5463,4890,Tameze,27.0,38.0,C,14.0,14.0,6.552631578947368,5.77027027027027,6.272876357774665,-0.279755221172703,-0.782361308677098,0.502606087504395
5473,4892,Saelemaekers,22.0,36.0,C,8.0,8.0,6.152777777777778,6.166666666666667,6.136230244506035,-0.01654753327174241,0.013888888888889284,-0.030436422160631693
5485,4896,Maldini,19.0,8.0,C,2.0,2.0,6.4375,6.361111111111111,6.00396635732159,-0.43353364267840977,-0.07638888888888928,-0.3571447537895205
5508,4921,Askildsen,20.0,19.0,C,3.0,3.0,5.605263157894737,5.714285714285714,5.814242312273653,0.20897915437891612,0.10902255639097724,0.09995659798793888
5597,4965,Marin,25.0,36.0,C,7.0,8.0,5.958333333333333,6.181818181818182,6.006467130897038,0.04813379756370484,0.22348484848484862,-0.17535105092114378
5604,4970,Messias,30.0,26.0,C,14.0,14.0,6.615384615384615,6.62,6.618602711469086,0.0032180960844714335,0.004615384615385132,-0.0013972885309136984
5608,4973,Mckennie,22.0,21.0,C,0.0,0.0,6.571428571428571,5.966666666666667,6.081504461361725,-0.48992411006684655,-0.6047619047619044,0.11483779469505784
5612,4975,Escalante,28.0,1.0,C,0.0,0.0,6.0,5.5,6.009565587296128,0.009565587296128442,-0.5,0.5095655872961284
5648,4988,Maggiore,23.0,35.0,C,10.0,10.0,6.2,5.75,6.127545245194378,-0.07245475480562202,-0.4500000000000002,0.37754524519437815
5655,4992,Gyasi,27.0,36.0,C,10.0,10.0,6.083333333333333,5.8,6.281451083515361,0.19811775018202837,-0.2833333333333332,0.4814510835153616
5677,5001,Miranchuk,25.0,19.0,C,8.0,8.0,6.421052631578948,6.810344827586207,6.301327603286502,-0.11972502829244558,0.3892921960072595,-0.5090172242997051
5692,5007,Ilic,20.0,32.0,C,13.0,13.0,6.078125,6.34,6.130510981369907,0.05238598136990724,0.26187499999999986,-0.20948901863009262
5714,5063,Radonjic,25.0,0.0,C,7.0,7.0,,6.482142857142857,5.980463446078664,,,-0.5016794110641927
5726,5119,Samardzic,19.0,22.0,C,8.0,8.0,6.431818181818182,6.513513513513513,6.162582736398235,-0.2692354454199464,0.0816953316953315,-0.35093077711527787
5736,5286,Akpa Akpro,28.0,10.0,C,2.0,3.0,5.55,6.0,5.843124564807725,0.29312456480772475,0.4500000000000002,-0.15687543519227543
5740,5287,Arslan,30.0,30.0,C,6.0,6.0,5.966666666666667,5.930555555555555,5.98081441247455,0.01414774580788336,-0.03611111111111143,0.05025885691899479
5756,5298,Pobega,22.0,33.0,C,9.0,9.0,6.46969696969697,6.184210526315789,6.15368194052257,-0.31601502917439994,-0.28548644338118034,-0.030528585793219598
5805,5329,Makengo,23.0,33.0,C,0.0,0.0,5.984848484848484,6.0,5.969800876215074,-0.01504760863341037,0.015151515151515582,-0.030199123784925952
5881,5397,Kovalenko,25.0,26.0,C,7.0,7.0,6.038461538461538,5.916666666666667,5.986997725234132,-0.05146381322740634,-0.12179487179487136,0.07033105856746502
5910,5422,Zalewski,19.0,16.0,C,7.0,7.0,5.84375,6.151515151515151,6.025993176204346,0.18224317620434594,0.3077651515151514,-0.12552197531080544
5914,5423,Bove,19.0,11.0,C,1.0,1.0,6.363636363636363,6.113636363636363,6.073893099179428,-0.2897432644569351,-0.25,-0.0397432644569351
5935,5442,Bertini,18.0,0.0,C,1.0,1.0,,6.0,5.931488904113023,,,-0.06851109588697657
5954,5451,Bajrami,22.0,35.0,C,18.0,17.0,6.857142857142857,6.013513513513513,6.761962424548504,-0.09518043259435238,-0.8436293436293436,0.7484489110349912
5957,5453,Ricci S,19.0,33.0,C,7.0,7.0,5.953125,6.303571428571429,5.916777984436908,-0.03634701556309228,0.3504464285714288,-0.3867934441345211
5961,5457,Maleh,22.0,28.0,C,3.0,3.0,6.214285714285714,5.770833333333333,6.045016910664793,-0.16926880362092156,-0.4434523809523814,0.2741835773314598
6007,5486,Crnigoj,25.0,34.0,C,5.0,5.0,6.220588235294118,5.785714285714286,6.078911107711475,-0.14167712758264273,-0.43487394957983216,0.29319682199718944
6025,5499,Hongla,23.0,18.0,C,0.0,0.0,5.916666666666667,5.5,5.901519937209223,-0.01514672945744433,-0.41666666666666696,0.40151993720922263
6037,5504,Coulibaly L.,25.0,31.0,C,6.0,6.0,5.741935483870968,6.228571428571429,5.917285138737907,0.1753496548669391,0.4866359447004607,-0.3112862898335216
6053,5510,Romero L,16.0,8.0,C,2.0,2.0,5.875,6.583333333333333,6.018059292622011,0.1430592926220111,0.708333333333333,-0.5652740407113219
6056,5511,Matheus Henrique,23.0,25.0,C,6.0,7.0,5.84,6.266666666666667,5.9131326813371805,0.07313268133718065,0.42666666666666675,-0.3535339853294861
6070,5516,Bianco,18.0,0.0,C,1.0,1.0,,6.0,5.936726483976437,,,-0.06327351602356313
6073,5517,Yepes,18.0,4.0,C,3.0,3.0,6.0,5.2,5.8544508339766725,-0.14554916602332746,-0.7999999999999998,0.6544508339766724
6106,5610,Vranckx,18.0,0.0,C,6.0,7.0,,5.888888888888889,6.014929367393693,,,0.1260404785048035
6115,5674,Basic,24.0,29.0,C,5.0,4.0,5.913793103448276,6.08,6.022469660249677,0.10867655680140142,0.16620689655172427,-0.057530339750322845
6130,5685,Koopmeiners,23.0,30.0,C,15.0,15.0,6.583333333333333,7.136363636363637,6.397099708116398,-0.18623362521693476,0.5530303030303036,-0.7392639282472384
6135,5687,Vlasic,23.0,0.0,C,15.0,15.0,,6.823529411764706,6.337955124509415,,,-0.4855742872552904
6138,5688,Harroui,23.0,22.0,C,2.0,2.0,5.863636363636363,6.173913043478261,5.91318007402049,0.04954371038412653,0.31027667984189744,-0.2607329694577709
6160,5705,Galdames,24.0,0.0,C,3.0,3.0,,6.115384615384615,5.9037809026709835,,,-0.21160371271363143
6172,5719,Asllani,19.0,0.0,C,8.0,8.0,,5.9,5.971937440037578,,,0.07193744003757807
6184,5735,Volpato,17.0,3.0,C,1.0,1.0,7.333333333333333,6.571428571428571,6.070270222876342,-1.263063110456991,-0.7619047619047619,-0.5011583485522291
6218,5772,Pyyhtia,17.0,1.0,C,1.0,1.0,6.0,6.166666666666667,5.91482548905689,-0.08517451094311035,0.16666666666666696,-0.2518411776097773
6223,5776,Ceide,19.0,6.0,C,2.0,2.0,5.916666666666667,5.973684210526316,5.930933364740939,0.014266698074272277,0.05701754385964897,-0.04275084578537669
6233,5784,Aebischer,24.0,12.0,C,4.0,3.0,5.875,5.921875,5.858852975440582,-0.016147024559417744,0.046875,-0.06302202455941774
6244,5788,Sabiri,24.0,14.0,C,15.0,15.0,6.821428571428571,5.805555555555555,6.550969568297727,-0.2704590031308438,-1.0158730158730158,0.745414012742172
6252,5792,Ederson Ds,22.0,15.0,C,13.0,13.0,6.466666666666667,6.0,6.245787401353334,-0.22087926531333313,-0.4666666666666668,0.24578740135333366
6263,5798,Bohinen,22.0,11.0,C,7.0,7.0,5.818181818181818,5.854166666666667,5.923631016680526,0.10544919849870737,0.03598484848484862,0.06946435001385876
6284,5812,Terracciano F,18.0,1.0,C,1.0,1.0,6.0,6.05,5.932239433861143,-0.06776056613885739,0.04999999999999982,-0.11776056613885721
6287,5813,Miretti,17.0,6.0,C,2.0,2.0,6.0,6.0,5.907859946094033,-0.09214005390596736,0.0,-0.09214005390596736
6297,5823,Baldanzi,18.0,1.0,C,1.0,1.0,6.0,6.576923076923077,5.947054681822461,-0.05294531817753878,0.5769230769230766,-0.6298683951006154
6299,5824,Pafundi,15.0,1.0,C,1.0,1.0,6.0,5.9375,6.039349876481662,0.039349876481661994,-0.0625,0.101849876481662
6313,5834,Marcos Antonio,21.0,0.0,C,10.0,11.0,,6.1875,6.097377649600137,,,-0.09012235039986294
6323,5839,Kvaratskhelia,20.0,0.0,C,18.0,18.0,,7.955882352941177,6.499433868565369,,,-1.4564484843758079
6333,5844,Thorstvedt,22.0,0.0,C,9.0,9.0,,6.145161290322581,6.16966165468243,,,0.024500364359848703
6345,5850,Lovric,23.0,0.0,C,6.0,6.0,,6.6891891891891895,6.062085583305091,,,-0.6271036058840984
6355,5857,Pickel,24.0,0.0,C,4.0,4.0,,5.636363636363637,5.939723729469249,,,0.3033600931056126
6357,5858,Ferguson,21.0,0.0,C,5.0,5.0,,6.828125,6.133112555865812,,,-0.6950124441341883
6361,5863,Castagnetti,31.0,0.0,C,4.0,5.0,,5.888888888888889,5.941471975612605,,,0.05258308672371559
6367,5869,Blin,24.0,0.0,C,2.0,2.0,,5.914285714285715,5.965465468538108,,,0.051179754252393295
6369,5870,Hjulmand,22.0,0.0,C,6.0,7.0,,6.0285714285714285,5.974752517697467,,,-0.053818910873961734
6371,5872,Helgason,20.0,0.0,C,1.0,1.0,,5.875,5.95878293851453,,,0.08378293851453034
6375,5875,Adli,21.0,0.0,C,7.0,6.0,,5.666666666666667,6.120682038496156,,,0.45401537182948903
6381,5878,Colpani,22.0,0.0,C,4.0,4.0,,6.555555555555555,6.0823591971340445,,,-0.47319635842151087
6383,5879,Vignato S,17.0,0.0,C,1.0,1.0,,6.3,5.986840510103421,,,-0.31315948989657905
6385,5880,Ciurria,26.0,0.0,C,3.0,3.0,,6.791666666666667,6.0777625300721745,,,-0.7139041365944925
6391,5884,Ranocchia F,20.0,0.0,C,2.0,2.0,,6.321428571428571,5.977219122568313,,,-0.3442094488602585
6402,5947,Hrustic,25.0,0.0,C,4.0,3.0,,5.5,6.010788550541546,,,0.5107885505415464
6409,5995,De Ketelaere,20.0,0.0,C,21.0,20.0,,5.78125,6.477452598576079,,,0.6962025985760789
6412,5998,Zerbin,22.0,0.0,C,1.0,1.0,,5.85,6.120896228807774,,,0.2708962288077741
6414,5999,Gonzalez J,19.0,0.0,C,2.0,2.0,,5.9,5.945580593161585,,,0.045580593161584915
6420,6005,Ilkhan,17.0,0.0,C,3.0,3.0,,5.875,6.0003135898182505,,,0.12531358981825047
6422,6009,Degli Innocenti,18.0,0.0,C,1.0,1.0,,6.0,5.921215759714691,,,-0.07878424028530873
6424,6010,Fazzini,18.0,0.0,C,1.0,1.0,,5.833333333333333,5.917875348809324,,,0.08454201547599105
6427,6012,Acella,24.0,0.0,C,1.0,1.0,,6.0,5.945580593161585,,,-0.05441940683841473
6431,6019,Dandrea,24.0,0.0,C,1.0,1.0,,6.2,5.946998680687952,,,-0.25300131931204817
6438,6024,Sulemana I,24.0,0.0,C,1.0,1.0,,5.8125,5.945580593161585,,,0.13308059316158527
6440,6025,Vilhena,26.0,0.0,C,8.0,9.0,,6.181818181818182,6.175233336890719,,,-0.006584844927462363
6463,6054,Moro N,23.0,0.0,C,5.0,6.0,,6.288461538461538,5.98626211707153,,,-0.3021994213900081
6469,6058,Camara Ma,24.0,0.0,C,7.0,8.0,,5.866666666666666,5.959541412357946,,,0.09287474569127951
6473,6061,Oudin,24.0,0.0,C,5.0,5.0,,6.225806451612903,6.115406789353018,,,-0.11039966225988529
6479,6106,Carboni V,24.0,0.0,C,1.0,1.0,,6.0,5.946998680687952,,,-0.05300131931204799
6482,6112,Iling-Junior,17.0,0.0,C,1.0,1.0,,6.416666666666667,5.936156808810298,,,-0.4805098578563687
6486,6117,Tahirovic,24.0,0.0,C,1.0,1.0,,5.954545454545454,5.945580593161585,,,-0.008964861383868872
6495,6131,Paoletti,24.0,0.0,C,1.0,1.0,,5.833333333333333,5.945580593161585,,,0.11224725982825223
6501,6142,Cipot,24.0,0.0,C,1.0,1.0,,6.0,5.945580593161585,,,-0.05441940683841473
6512,6157,Malagrida,24.0,0.0,C,1.0,1.0,,5.833333333333333,5.946998680687952,,,0.11366534735461897
6516,6162,Abildgaard,25.0,0.0,C,3.0,3.0,,5.653846153846154,5.958925105713592,,,0.30507895186743816
6520,6170,Gineitis,24.0,0.0,C,1.0,1.0,,5.666666666666667,5.945580593161585,,,0.2789139264949183
6524,6175,Barrenechea,24.0,0.0,C,1.0,1.0,,5.5,5.945580593161585,,,0.44558059316158527
283,90,Lasagna,28.0,28.0,A,11.0,10.0,6.232142857142857,5.903846153846154,6.295795789908091,0.0636529327652342,-0.3282967032967026,0.3919496360619368
640,186,Rebic,27.0,24.0,A,14.0,14.0,6.354166666666667,6.282608695652174,6.473414725160759,0.11924805849409204,-0.07155797101449313,0.19080602950858516
698,212,Ciofani D,36.0,0.0,A,1.0,1.0,,6.71875,6.25080171166176,,,-0.4679482883382402
709,215,Verde,25.0,33.0,A,18.0,18.0,7.075757575757576,6.28,6.767474075192605,-0.3082835005649711,-0.7957575757575759,0.48747407519260477
1115,309,Dybala,27.0,29.0,A,29.0,29.0,7.396551724137931,8.24,7.169124330569168,-0.22742739356876296,0.8434482758620696,-1.0708756694308326
1421,383,Petagna,26.0,24.0,A,15.0,14.0,6.416666666666667,6.564516129032258,6.485506368049002,0.06883970138233497,0.14784946236559104,-0.07900976098325607
1528,407,Gabbiadini,29.0,18.0,A,15.0,15.0,7.194444444444445,6.428571428571429,6.6748322927215895,-0.5196121517228551,-0.7658730158730158,0.24626086415016069
1653,441,Belotti,27.0,22.0,A,16.0,15.0,7.318181818181818,5.82258064516129,6.803914546779242,-0.5142672714025762,-1.4956011730205283,0.9813339016179521
1773,472,Destro,30.0,27.0,A,18.0,16.0,6.981481481481482,5.911764705882353,6.657511585014681,-0.3239698964668012,-1.0697167755991286,0.7457468791323274
1800,479,Sanabria,25.0,29.0,A,21.0,21.0,6.758620689655173,7.409090909090909,6.678398016348327,-0.08022267330684585,0.6504702194357366,-0.7306928927425824
1871,495,Correa,26.0,26.0,A,16.0,16.0,6.75,6.3076923076923075,6.678533329421436,-0.07146667057856426,-0.4423076923076925,0.37084102172912825
1889,505,Bonazzoli,24.0,32.0,A,14.0,14.0,7.0625,6.3125,6.596074914343898,-0.46642508565610186,-0.75,0.28357491434389814
1902,507,Muriel,30.0,27.0,A,26.0,26.0,7.62962962962963,6.362068965517241,7.153741845137226,-0.47588778449240365,-1.2675606641123887,0.791672879619985
2020,531,Berardi,26.0,33.0,A,35.0,35.0,8.333333333333334,7.9423076923076925,7.273882058136221,-1.0594512751971132,-0.3910256410256414,-0.6684256341714718
2053,537,Sansone,29.0,27.0,A,6.0,6.0,6.222222222222222,6.944444444444445,6.142843386200846,-0.07937883602137674,0.7222222222222223,-0.8016010582435991
2175,568,Quagliarella,38.0,33.0,A,10.0,10.0,6.303030303030303,6.108695652173913,6.344205902066019,0.041175599035716104,-0.19433465085638968,0.23551024989210578
2293,608,Zapata D.,30.0,24.0,A,32.0,32.0,7.729166666666667,6.26,7.348896786560472,-0.3802698801061952,-1.4691666666666672,1.088896786560472
2426,643,Defrel,30.0,38.0,A,8.0,8.0,6.052631578947368,5.962962962962963,6.161603150724947,0.10897157177757855,-0.08966861598440534,0.1986401877619839
2455,647,Dzeko,35.0,36.0,A,16.0,15.0,7.5,7.0606060606060606,6.801660356346668,-0.6983396436533322,-0.43939393939393945,-0.2589457042593928
2744,785,Immobile,31.0,31.0,A,42.0,42.0,9.016129032258064,7.387096774193548,7.666928799841525,-1.349200232416539,-1.629032258064516,0.27983202564797693
2934,1857,Di Francesco F.,27.0,26.0,A,12.0,12.0,6.653846153846154,6.083333333333333,6.3824070847724474,-0.27143906907370674,-0.5705128205128212,0.2990737514391144
3166,1943,Nevstorovski,24.0,0.0,A,11.0,10.0,,6.238095238095238,6.293027047916587,,,0.05493180982134849
3204,1958,Caprari,28.0,35.0,A,26.0,26.0,7.7,6.391891891891892,7.183712749821226,-0.5162872501787739,-1.308108108108108,0.7918208579293342
3303,1998,Pjaca,26.0,24.0,A,9.0,9.0,6.333333333333333,5.852941176470588,6.225241355181492,-0.10809197815184124,-0.48039215686274517,0.37230017871090393
3367,2012,Milik,27.0,0.0,A,21.0,20.0,,6.7407407407407405,6.741346023508889,,,0.0006052827681486406
3398,2038,Pinamonti,22.0,36.0,A,23.0,23.0,7.208333333333333,6.0625,7.004536179221337,-0.20379715411199584,-1.145833333333333,0.9420361792213372
3429,2061,Simeone,26.0,36.0,A,25.0,25.0,7.5,6.64,7.079043330683319,-0.42095666931668063,-0.8600000000000003,0.4390433306833197
3539,2097,Kean,21.0,32.0,A,15.0,14.0,6.421875,6.428571428571429,6.518023669736026,0.0961486697360261,0.006696428571428825,0.08945224116459727
3550,2103,Pellegri,20.0,15.0,A,12.0,11.0,6.1,6.305555555555555,6.263492334544409,0.1634923345444097,0.2055555555555557,-0.04206322101114601
3608,2119,Deulofeu,27.0,34.0,A,24.0,24.0,7.676470588235294,7.0,7.091126116062404,-0.5853444721728902,-0.6764705882352944,0.09112611606240417
3874,2195,Ounas,24.0,15.0,A,0.0,0.0,6.0,6.0,6.070342882924468,0.07034288292446789,0.0,0.07034288292446789
4166,2325,Karamoh,23.0,0.0,A,4.0,4.0,,6.595238095238095,6.19564625872603,,,-0.399591836512065
4209,2369,Thauvin,28.0,0.0,A,18.0,18.0,,5.75,6.490109837185202,,,0.7401098371852024
4220,2382,Di Maria,33.0,0.0,A,26.0,26.0,,6.6923076923076925,6.884198999720832,,,0.19189130741313942
4239,2409,Ribery,38.0,23.0,A,0.0,0.0,6.108695652173913,6.0,6.035036477823585,-0.0736591743503281,-0.10869565217391308,0.03503647782358499
4249,2438,Jovic,23.0,0.0,A,24.0,24.0,,6.483870967741935,6.825265957592911,,,0.3413949898509756
4257,2466,Origi,26.0,0.0,A,17.0,17.0,,6.037037037037037,6.506215389431407,,,0.46917835239437
4277,2489,Pedro,34.0,32.0,A,19.0,19.0,7.140625,6.527777777777778,6.6847705753604725,-0.4558544246395275,-0.6128472222222223,0.1569927975826948
4297,2530,Ibrahimovic,39.0,23.0,A,13.0,13.0,7.195652173913044,6.5,6.660532540094574,-0.5351196338184696,-0.6956521739130439,0.1605325400945743
4302,2531,Lukaku,28.0,0.0,A,39.0,39.0,,7.66,7.184880268741105,,,-0.4751197312588955
4308,2544,Abraham,23.0,37.0,A,33.0,33.0,7.621621621621622,6.855263157894737,7.432917348640188,-0.18870427298143433,-0.7663584637268848,0.5776541907454504
4435,2719,Barrow,22.0,34.0,A,17.0,17.0,6.764705882352941,6.328125,6.713727423949697,-0.050978458403244,-0.4365808823529411,0.3856024239496971
4518,2756,Piatek,26.0,14.0,A,15.0,14.0,6.392857142857143,6.2727272727272725,6.482416338865983,0.08955919600883977,-0.12012987012987075,0.20968906613871052
4538,2762,Kouame',23.0,0.0,A,9.0,9.0,,6.625,6.328654150764469,,,-0.2963458492355313
4544,2764,Martinez L.,23.0,35.0,A,34.0,34.0,7.9,8.105263157894736,7.269884425003869,-0.6301155749961316,0.20526315789473593,-0.8353787328908675
4693,2819,Caputo,33.0,38.0,A,21.0,21.0,6.881578947368421,6.444444444444445,6.730910520578164,-0.15066842679025694,-0.4371345029239766,0.28646607613371966
4705,2826,Pussetto,25.0,28.0,A,5.0,6.0,6.375,5.6,6.343841281181401,-0.031158718818598885,-0.7750000000000004,0.7438412811814015
4715,2832,Boga,24.0,27.0,A,13.0,15.0,6.0,6.673913043478261,6.319112117271008,0.31911211727100763,0.6739130434782608,-0.3548009262072531
4738,2841,Vlahovic,21.0,36.0,A,40.0,40.0,8.347222222222221,7.074074074074074,7.441410148593511,-0.9058120736287103,-1.273148148148147,0.36733607451943673
4835,4179,Gonzalez N,23.0,33.0,A,20.0,20.0,7.106060606060606,6.791666666666667,6.8469109508917265,-0.2591496551688799,-0.31439393939393945,0.05524428422505956
4839,4184,Brekalo,23.0,32.0,A,16.0,16.0,6.78125,6.0,6.639690114698511,-0.141559885301489,-0.78125,0.639690114698511
4846,4200,Giroud,34.0,29.0,A,28.0,28.0,7.431034482758621,7.424242424242424,7.232766259370914,-0.1982682233877071,-0.00679205851619713,-0.19147616487150998
4872,4268,Arnautovic,32.0,33.0,A,27.0,26.0,7.393939393939394,7.738095238095238,7.127255631184428,-0.2666837627549654,0.34415584415584455,-0.61083960691081
4991,4359,Piccoli,20.0,17.0,A,13.0,12.0,6.029411764705882,6.175,6.260078511697833,0.23066674699195033,0.14558823529411757,0.08507851169783276
5016,4371,Raspadori,21.0,36.0,A,20.0,20.0,6.888888888888889,6.1923076923076925,6.760555066556277,-0.12833382233261226,-0.6965811965811968,0.5682473742485845
5176,4436,Cambiaghi,20.0,0.0,A,6.0,6.0,,6.803571428571429,6.305846089963728,,,-0.49772533860770096
5284,4500,Di Carmine,32.0,1.0,A,0.0,0.0,5.0,6.0,6.082558867609765,1.082558867609765,1.0,0.08255886760976505
5300,4510,Rafael Leao,22.0,34.0,A,31.0,31.0,7.838235294117647,7.8428571428571425,7.132253509381751,-0.7059817847358953,0.004621848739495782,-0.7106036334753911
5322,4517,Lozano,26.0,30.0,A,18.0,18.0,6.733333333333333,6.390625,6.758810533297492,0.025477199964158537,-0.3427083333333334,0.36818553329749193
5369,4661,Osimhen,22.0,27.0,A,35.0,35.0,7.981481481481482,9.140625,7.396895449580402,-0.5845860319010798,1.1591435185185182,-1.743729550419598
5391,4730,Lookman,23.0,0.0,A,13.0,15.0,,7.854838709677419,6.591406187458354,,,-1.2634325222190652
5513,4923,Colombo,19.0,0.0,A,7.0,6.0,,6.287878787878788,6.314361223834105,,,0.026482435955316852
5717,5071,Jese,28.0,0.0,A,8.0,8.0,,6.409090909090909,6.353981134812222,,,-0.05510977427868724
5721,5086,Zirkzee,20.0,0.0,A,7.0,7.0,,6.421052631578948,6.304839299475456,,,-0.1162133321034915
5748,5292,Lammers,24.0,0.0,A,15.0,14.0,,6.0,6.341971174259257,,,0.3419711742592568
5772,5311,Shomurodov,26.0,28.0,A,12.0,11.0,6.5,5.9523809523809526,6.494211119338764,-0.005788880661236284,-0.5476190476190474,0.5418301669578112
5815,5336,Nzola,24.0,21.0,A,14.0,13.0,6.190476190476191,7.387096774193548,6.321606220650913,0.13113003017472202,1.1966205837173574,-1.0654905535426353
5873,5394,Gaich,22.0,0.0,A,4.0,3.0,,6.09375,6.142493433822211,,,0.048743433822211024
5877,5395,Braaf,24.0,0.0,A,1.0,2.0,,5.5,6.154640417428593,,,0.6546404174285927
5926,5436,Raimondo,17.0,1.0,A,1.0,1.0,6.0,6.0,6.021657993545251,0.021657993545250775,0.0,0.021657993545250775
5932,5439,Kallon,20.0,15.0,A,2.0,2.0,5.866666666666666,6.0,5.9595786536855995,0.09291198701893322,0.13333333333333375,-0.04042134631440053
5966,5460,Satriano,20.0,4.0,A,14.0,13.0,6.0,6.048387096774194,6.45533862579307,0.45533862579307005,0.04838709677419395,0.4069515290188761
5981,5471,Djuric,31.0,33.0,A,11.0,10.0,6.53030303030303,6.035714285714286,6.359230325132371,-0.1710727051706593,-0.4945887445887447,0.3235160394180854
5983,5472,Kristoffersen,24.0,1.0,A,0.0,0.0,6.0,5.5,6.028682902943811,0.02868290294381115,-0.5,0.5286829029438112
6028,5500,Cancellieri,19.0,12.0,A,7.0,7.0,6.25,5.85,6.158163641790124,-0.09183635820987579,-0.40000000000000036,0.30816364179012457
6058,5512,De Luca,23.0,0.0,A,4.0,4.0,,5.75,6.3491626309328355,,,0.5991626309328355
6067,5515,Okereke,23.0,32.0,A,13.0,13.0,6.46875,6.515151515151516,6.480890702070775,0.012140702070775333,0.04640151515151558,-0.03426081308074025
6096,5529,Henry,26.0,33.0,A,18.0,16.0,6.666666666666667,6.15625,6.6550216644791655,-0.011645002187501419,-0.510416666666667,0.49877166447916554
6109,5672,Dia,24.0,0.0,A,17.0,16.0,,7.818181818181818,6.645086174874574,,,-1.173095643307244
6112,5673,Antiste,18.0,18.0,A,0.0,0.0,5.972222222222222,7.5,5.865790826229606,-0.1064313959926162,1.5277777777777777,-1.6342091737703939
6120,5676,Success,25.0,22.0,A,13.0,13.0,6.704545454545454,6.166666666666667,6.5079866622835985,-0.19655879226185569,-0.5378787878787872,0.3413199956169315
6141,5690,Strelec,20.0,10.0,A,0.0,0.0,6.0,6.071428571428571,6.014377742686242,0.014377742686241923,0.07142857142857117,-0.05705082874232925
6150,5694,Beto,23.0,28.0,A,24.0,24.0,7.267857142857143,6.96969696969697,6.918591668151362,-0.3492654747057813,-0.2981601731601735,-0.05110530154560777
6178,5728,Afena-Gyan,18.0,17.0,A,8.0,8.0,6.088235294117647,5.586956521739131,6.205221013989242,0.1169857198715949,-0.5012787723785159,0.6182644922501108
6181,5734,Soule,18.0,2.0,A,1.0,1.0,6.0,6.3076923076923075,6.053660553942893,0.05366055394289315,0.3076923076923075,-0.25403175374941434
6226,5780,De Nipoti,18.0,1.0,A,0.0,0.0,6.0,6.0,6.010499985749502,0.010499985749501839,0.0,0.010499985749501839
6239,5786,Cabral,23.0,14.0,A,19.0,18.0,6.464285714285714,6.982142857142857,6.553955048017198,0.089669333731484,0.5178571428571423,-0.42818780912565835
6276,5806,Seck,20.0,6.0,A,3.0,3.0,6.0,6.026315789473684,6.0112794267510345,0.01127942675103455,0.02631578947368407,-0.015036362722649521
6317,5836,Ceesay,27.0,0.0,A,10.0,10.0,,6.470588235294118,6.439182890663811,,,-0.031405344630306864
6319,5837,Voelkerling Persson,24.0,0.0,A,1.0,1.0,,5.944444444444445,6.179280858547442,,,0.23483641410299771
6329,5842,Botheim,24.0,0.0,A,13.0,12.0,,6.089285714285714,6.368022370739621,,,0.27873665645390666
6331,5843,Valencia D,24.0,0.0,A,2.0,2.0,,5.791666666666667,6.166255885228851,,,0.37458921856218375
6335,5845,Alvarez A,24.0,0.0,A,14.0,13.0,,6.136363636363637,6.400138831084843,,,0.26377519472120614
6351,5854,Tsadjout,22.0,0.0,A,8.0,7.0,,6.4,6.275891294605487,,,-0.12410870539451313
6363,5864,Buonaiuto,28.0,0.0,A,7.0,7.0,,6.017241379310345,6.259382235346412,,,0.24214085603606694
6387,5881,Gytkjaer,31.0,0.0,A,4.0,4.0,,5.818181818181818,6.259895969169947,,,0.44171415098812883
6389,5882,Mota,23.0,0.0,A,10.0,10.0,,6.637931034482759,6.405663137003854,,,-0.23226789747890475
6416,6001,Banda,20.0,0.0,A,5.0,5.0,,6.152777777777778,6.102592901595213,,,-0.05018487618256451
6442,6026,Dessers,26.0,0.0,A,17.0,16.0,,6.615384615384615,6.646854478011664,,,0.031469862627049316
6461,6052,Hojlund,18.0,0.0,A,8.0,7.0,,7.0,6.352493291410944,,,-0.6475067085890558
6471,6060,Lauriente,22.0,0.0,A,14.0,14.0,,7.178571428571429,6.672226367905046,,,-0.5063450606663826
6484,6113,Montevago,18.0,0.0,A,1.0,1.0,,5.666666666666667,6.076673779469462,,,0.4100071128027949
6490,6119,Solbakken,24.0,0.0,A,10.0,10.0,,6.25,6.28604487658266,,,0.0360448765826602
6503,6143,Krollis,24.0,0.0,A,1.0,1.0,,6.0,6.179280858547442,,,0.17928085854744236
6505,6145,Ngonge,21.0,0.0,A,3.0,3.0,,6.678571428571429,6.2470602878204105,,,-0.4315111407510184
6514,6160,Vivaldo,24.0,0.0,A,1.0,1.0,,6.0,6.179280858547442,,,0.17928085854744236
6522,6172,Vorlicky,24.0,0.0,A,1.0,1.0,,6.0,6.166255885228851,,,0.1662558852288507
